resid,resname,rmsf_A
228,GLY,12.777611293552019
229,SER,11.362410430270888
230,PRO,9.946900664856289
231,ASN,8.4294259417998
232,TYR,5.60040176994267
233,ASP,3.8424527775086124
234,LYS,1.5174673828792586
235,TRP,1.0375385858811328
236,GLU,1.0383854223588598
237,MET,1.0351037964923513
238,GLU,1.1032968477691918
239,ARG,1.1514270660189676
240,THR,1.1803465895667544
241,ASP,1.1171925673111467
242,ILE,0.8993117650038535
243,THR,0.983126108892962
244,MET,0.951423673318409
245,LYS,1.0462890360680337
246,HIS,0.9920240481159514
247,LYS,0.8645482376541983
248,LEU,0.8705294491361192
249,GLY,1.3790595121005185
250,GLY,1.4713639917796306
251,GLY,1.2745153595315826
252,GLN,1.1951477193385602
253,TYR,1.0441731169785873
254,GLY,1.0810096164988159
255,GLU,0.8907141807609334
256,VAL,0.716753007602156
257,TYR,0.6754412826741784
258,GLU,0.6857844075765838
259,GLY,0.7350333120249343
260,VAL,0.7691242134954474
261,TRP,0.8292169574106627
262,LYS,1.0510713538776395
263,LYS,1.2719554745738537
264,TYR,1.282530106210483
265,SER,1.110801626026176
266,LEU,0.9762515488960791
267,THR,0.7773288842428759
268,VAL,0.6535562918664384
269,ALA,0.5621086742405108
270,VAL,0.577335291231505
271,LYS,0.6131238312787115
272,THR,0.7266948081949819
273,LEU,0.9019720516229859
274,LYS,1.8937534792983903
275,GLU,2.330143878651384
276,ASP,2.263340930699094
277,THR,1.8207528609191241
278,MET,1.9353590621356476
279,GLU,1.6872293233077922
280,VAL,1.120176018273538
281,GLU,1.2109854638033284
282,GLU,1.1457953728584553
283,PHE,0.8973503227007055
284,LEU,0.916810665718931
285,LYS,1.0090156566221198
286,GLU,0.877763426544816
287,ALA,0.7709459315661389
288,ALA,0.8752078398748067
289,VAL,0.9093370484868551
290,MET,0.803056278158598
291,LYS,0.7876883023271468
292,GLU,0.912098481078749
293,ILE,0.8061852023375173
294,LYS,0.8256802622235172
295,HIS,0.6891146707351438
296,PRO,0.7572601340476274
297,ASN,0.6392822101702135
298,LEU,0.5995500200350795
299,VAL,0.6032566343998584
300,GLN,0.8039415259182271
301,LEU,0.7283614653898366
302,LEU,0.7075070611849555
303,GLY,0.7760502800166811
304,VAL,0.7940040693344861
305,CYS,0.8132131026089212
306,THR,1.1395085088242154
307,ARG,1.5228701215659595
308,GLU,1.5373486765172855
309,PRO,1.4272195905518832
310,PRO,1.3689424406808972
311,PHE,0.8941680909368094
312,TYR,0.7184753193691644
313,ILE,0.64895490225173
314,ILE,0.5972898878978089
315,ILE,0.6068592091271791
316,GLU,0.6291667471640179
317,PHE,0.6253762388122989
318,MET,0.6291030697001135
319,THR,0.7568058120883542
320,TYR,0.7527187567985039
321,GLY,0.7044726735141168
322,ASN,0.5867354385130418
323,LEU,0.552597722708717
324,LEU,0.5909506172425325
325,ASP,0.6721287363708465
326,TYR,0.6367881793378766
327,LEU,0.6278618304866271
328,ARG,0.77060319913852
329,GLU,0.85476225432339
330,CYS,0.7758313261493478
331,ASN,0.9191890861038594
332,ARG,0.9277179107713415
333,GLN,1.1689862533091067
334,GLU,1.0911082351361903
335,VAL,0.7870693453133729
336,SER,0.8099092605067927
337,ALA,0.7945675579071013
338,VAL,0.7329413382584943
339,VAL,0.6122800665547533
340,LEU,0.6212883367079686
341,LEU,0.6267416688445094
342,TYR,0.6130234280629914
343,MET,0.5755699684718483
344,ALA,0.5545357636615486
345,THR,0.5504405112046152
346,GLN,0.5412858932609812
347,ILE,0.4954863786447265
348,SER,0.5268217026467423
349,SER,0.5697482527174965
350,ALA,0.5532638486268174
351,MET,0.5526535303597854
352,GLU,0.567505183031286
353,TYR,0.6116955762008263
354,LEU,0.6157479521647878
355,GLU,0.6310727345806413
356,LYS,0.7585280990619989
357,LYS,0.8199945216498166
358,ASN,0.829673433133014
359,PHE,0.742343552784324
360,ILE,0.7858297097609546
361,HIS,0.721968444904059
362,ARG,0.7632040068810518
363,ASP,0.8880259873343502
364,LEU,0.6482753127063904
365,ALA,0.7275398600808135
366,ALA,0.675694047369555
367,ARG,0.6901074274100474
368,ASN,0.6016998947508773
369,CYS,0.5004942974774086
370,LEU,0.5235608271862228
371,VAL,0.584140430326009
372,GLY,0.7092841681184999
373,GLU,0.8916261303161075
374,ASN,0.9622407727877319
375,HIS,0.8783768725477409
376,LEU,0.7129239841885058
377,VAL,0.5960370548884923
378,LYS,0.5545674814558368
379,VAL,0.5120507609985719
380,ALA,0.52421828488946
381,ASP,0.6020366601439681
382,PHE,0.7166259130427042
383,GLY,0.9192705419510071
384,LEU,1.0122164607452284
385,SER,1.1066776088342707
386,ARG,1.4463025029944474
387,LEU,1.5608820726812793
388,MET,1.4974009621718904
389,THR,1.5585044735543965
390,GLY,1.6483929663782377
391,ASP,1.467674318178943
392,THR,1.2431197185364522
393,TYR,1.1626907389665067
394,THR,1.2791356708978905
395,ALA,1.5880708178953444
396,HIS,1.5809778976931235
397,ALA,2.0114628291538774
398,GLY,2.175125536216723
399,ALA,1.8003535974540787
400,LYS,1.4690692264089251
401,PHE,1.0343798306830916
402,PRO,0.9048202933039803
403,ILE,0.7838370917308575
404,LYS,0.7266295850611718
405,TRP,0.7372279238880696
406,THR,0.6883311939505373
407,ALA,0.6441941621660952
408,PRO,0.7533508818881971
409,GLU,0.8388385537464036
410,SER,0.8004089427492923
411,LEU,0.8563296575405583
412,ALA,1.0226915046540805
413,TYR,1.0864002353591795
414,ASN,1.1743882514305553
415,LYS,1.3046538835784507
416,PHE,0.9636764810751428
417,SER,0.8413391301201705
418,ILE,0.6742165221147847
419,LYS,0.65211999948449
420,SER,0.6068164487705066
421,ASP,0.5034631518540164
422,VAL,0.4586679282663519
423,TRP,0.45212730809516144
424,ALA,0.4594851777028093
425,PHE,0.43610061819201273
426,GLY,0.437946952684813
427,VAL,0.4372688318014961
428,LEU,0.4538872759132105
429,LEU,0.42684618912497746
430,TRP,0.4343529133302418
431,GLU,0.49033331278642456
432,ILE,0.5257135760193756
433,ALA,0.5581132193653647
434,THR,0.5641611346546576
435,TYR,0.6063197575602203
436,GLY,0.6656819710537193
437,MET,0.7093931841007428
438,SER,0.7937121998126748
439,PRO,0.742213972695825
440,TYR,0.927306259669369
441,PRO,1.4801174625814937
442,GLY,2.0811559050699078
443,ILE,1.6699990129624307
444,ASP,1.7754453223111986
445,LEU,1.8284763210153667
446,SER,2.190561192211476
447,GLN,1.8207243655778387
448,VAL,1.3680213906394847
449,TYR,1.7611777423066237
450,GLU,1.7344213565019484
451,LEU,1.2772352027321432
452,LEU,1.3464583834339288
453,GLU,1.70054116434048
454,LYS,1.45260897926665
455,ASP,1.4246659957415455
456,TYR,1.0897808747870503
457,ARG,0.8164628859467957
458,MET,0.8159727149429159
459,GLU,0.8738314006448799
460,ARG,0.742412070122909
461,PRO,0.8190803804111331
462,GLU,0.9829910921007446
463,GLY,1.0670834755155132
464,CYS,0.8587491028625547
465,PRO,1.0820141886618806
466,GLU,1.182934464786102
467,LYS,1.108738599526434
468,VAL,0.849057812849676
469,TYR,0.7616922835186652
470,GLU,0.8910017164300605
471,LEU,0.7323621680025632
472,MET,0.6432265801063468
473,ARG,0.6669788801711796
474,ALA,0.609283122302024
475,CYS,0.5210047728199318
476,TRP,0.5593506283058337
477,GLN,0.6311980389750331
478,TRP,0.7055296174908764
479,ASN,0.7737558976379326
480,PRO,0.7604850742829119
481,SER,0.9328881747744333
482,ASP,0.8355999496973192
483,ARG,0.6119853732407831
484,PRO,0.6292923278196082
485,SER,0.627079553265724
486,PHE,0.5717324216405018
487,ALA,0.7017019255227812
488,GLU,0.6833229501607961
489,ILE,0.6072049495450038
490,HIS,0.6484580899006757
491,GLN,0.7912785495595076
492,ALA,0.7742810822165023
493,PHE,0.7500505300533411
494,GLU,0.9997886926431863
495,THR,1.2315600000348323
496,MET,1.1793445887322243
497,PHE,1.6273358679304313
498,GLN,2.2059316680983643
