time_ps,n_hbonds
0.0,4
10.0,2
20.0,3
30.0,2
40.0,3
50.0,2
60.0,2
70.0,2
80.0,3
90.0,3
100.0,4
110.0,3
120.0,2
130.0,2
140.0,3
150.0,3
160.0,2
170.0,2
180.0,4
190.0,3
200.0,3
210.0,3
220.0,2
230.0,3
240.0,2
250.0,2
260.0,2
270.0,2
280.0,2
290.0,2
300.0,2
310.0,2
320.0,2
330.0,3
340.0,2
350.0,3
360.0,3
370.0,3
380.0,3
390.0,3
400.0,3
410.0,3
420.0,3
430.0,3
440.0,3
450.0,2
460.0,3
470.0,3
480.0,4
490.0,3
500.0,4
510.0,4
520.0,3
530.0,3
540.0,2
550.0,3
560.0,3
570.0,3
580.0,2
590.0,3
600.0,3
610.0,2
620.0,3
630.0,3
640.0,3
650.0,2
660.0,3
670.0,3
680.0,2
690.0,3
700.0,3
710.0,2
720.0,3
730.0,2
740.0,3
750.0,2
760.0,3
770.0,3
780.0,3
790.0,3
800.0,3
810.0,3
820.0,4
830.0,2
840.0,3
850.0,2
860.0,3
870.0,3
880.0,3
890.0,3
900.0,3
910.0,3
920.0,3
930.0,4
940.0,3
950.0,3
960.0,3
970.0,2
980.0,3
990.0,3
1000.0,3
1010.0,3
1020.0,2
1030.0,3
1040.0,3
1050.0,3
1060.0,2
1070.0,3
1080.0,3
1090.0,3
1100.0,3
1110.0,3
1120.0,3
1130.0,3
1140.0,3
1150.0,3
1160.0,3
1170.0,3
1180.0,3
1190.0,3
1200.0,3
1210.0,3
1220.0,4
1230.0,3
1240.0,3
1250.0,2
1260.0,3
1270.0,3
1280.0,2
1290.0,2
1300.0,3
1310.0,3
1320.0,2
1330.0,2
1340.0,3
1350.0,3
1360.0,3
1370.0,2
1380.0,3
1390.0,4
1400.0,3
1410.0,2
1420.0,2
1430.0,3
1440.0,2
1450.0,3
1460.0,2
1470.0,3
1480.0,4
1490.0,3
1500.0,3
1510.0,3
1520.0,3
1530.0,3
1540.0,3
1550.0,3
1560.0,3
1570.0,3
1580.0,2
1590.0,3
1600.0,3
1610.0,2
1620.0,3
1630.0,3
1640.0,3
1650.0,3
1660.0,3
1670.0,3
1680.0,3
1690.0,3
1700.0,4
1710.0,3
1720.0,3
1730.0,3
1740.0,3
1750.0,3
1760.0,3
1770.0,3
1780.0,2
1790.0,2
1800.0,4
1810.0,3
1820.0,3
1830.0,3
1840.0,3
1850.0,3
1860.0,3
1870.0,3
1880.0,3
1890.0,2
1900.0,3
1910.0,3
1920.0,3
1930.0,2
1940.0,3
1950.0,3
1960.0,3
1970.0,2
1980.0,3
1990.0,3
2000.0,3
2010.0,2
2020.0,2
2030.0,3
2040.0,3
2050.0,2
2060.0,1
2070.0,3
2080.0,3
2090.0,2
2100.0,3
2110.0,3
2120.0,2
2130.0,2
2140.0,2
2150.0,2
2160.0,3
2170.0,3
2180.0,3
2190.0,3
2200.0,3
2210.0,2
2220.0,3
2230.0,3
2240.0,2
2250.0,4
2260.0,2
2270.0,2
2280.0,3
2290.0,3
2300.0,3
2310.0,3
2320.0,2
2330.0,3
2340.0,3
2350.0,3
2360.0,3
2370.0,3
2380.0,3
2390.0,2
2400.0,2
2410.0,3
2420.0,3
2430.0,3
2440.0,4
2450.0,3
2460.0,3
2470.0,3
2480.0,4
2490.0,2
2500.0,2
2510.0,3
2520.0,3
2530.0,2
2540.0,2
2550.0,2
2560.0,2
2570.0,3
2580.0,3
2590.0,3
2600.0,3
2610.0,3
2620.0,2
2630.0,2
2640.0,2
2650.0,2
2660.0,2
2670.0,2
2680.0,3
2690.0,2
2700.0,3
2710.0,3
2720.0,2
2730.0,2
2740.0,3
2750.0,3
2760.0,3
2770.0,3
2780.0,2
2790.0,3
2800.0,3
2810.0,2
2820.0,2
2830.0,3
2840.0,1
2850.0,2
2860.0,2
2870.0,2
2880.0,2
2890.0,3
2900.0,3
2910.0,2
2920.0,2
2930.0,3
2940.0,3
2950.0,3
2960.0,3
2970.0,2
2980.0,3
2990.0,3
3000.0,3
3010.0,3
3020.0,3
3030.0,3
3040.0,3
3050.0,3
3060.0,3
3070.0,2
3080.0,2
3090.0,3
3100.0,2
3110.0,3
3120.0,4
3130.0,3
3140.0,3
3150.0,3
3160.0,3
3170.0,2
3180.0,3
3190.0,2
3200.0,2
3210.0,3
3220.0,3
3230.0,3
3240.0,4
3250.0,3
3260.0,3
3270.0,2
3280.0,3
3290.0,2
3300.0,2
3310.0,3
3320.0,3
3330.0,2
3340.0,3
3350.0,4
3360.0,3
3370.0,1
3380.0,3
3390.0,2
3400.0,4
3410.0,3
3420.0,3
3430.0,2
3440.0,3
3450.0,3
3460.0,4
3470.0,3
3480.0,3
3490.0,2
3500.0,3
3510.0,3
3520.0,2
3530.0,2
3540.0,3
3550.0,2
3560.0,3
3570.0,2
3580.0,3
3590.0,3
3600.0,3
3610.0,3
3620.0,1
3630.0,4
3640.0,2
3650.0,2
3660.0,3
3670.0,3
3680.0,2
3690.0,3
3700.0,3
3710.0,3
3720.0,2
3730.0,3
3740.0,3
3750.0,2
3760.0,3
3770.0,3
3780.0,2
3790.0,3
3800.0,3
3810.0,3
3820.0,3
3830.0,3
3840.0,3
3850.0,2
3860.0,3
3870.0,2
3880.0,2
3890.0,3
3900.0,2
3910.0,3
3920.0,3
3930.0,3
3940.0,3
3950.0,2
3960.0,3
3970.0,3
3980.0,2
3990.0,3
4000.0,2
4010.0,2
4020.0,3
4030.0,3
4040.0,3
4050.0,3
4060.0,3
4070.0,3
4080.0,2
4090.0,2
4100.0,3
4110.0,3
4120.0,3
4130.0,3
4140.0,3
4150.0,3
4160.0,3
4170.0,3
4180.0,3
4190.0,3
4200.0,3
4210.0,4
4220.0,3
4230.0,3
4240.0,3
4250.0,3
4260.0,3
4270.0,3
4280.0,3
4290.0,3
4300.0,3
4310.0,3
4320.0,3
4330.0,3
4340.0,3
4350.0,3
4360.0,3
4370.0,3
4380.0,2
4390.0,3
4400.0,3
4410.0,3
4420.0,3
4430.0,3
4440.0,2
4450.0,3
4460.0,2
4470.0,3
4480.0,3
4490.0,3
4500.0,2
4510.0,2
4520.0,3
4530.0,3
4540.0,2
4550.0,3
4560.0,3
4570.0,3
4580.0,3
4590.0,3
4600.0,3
4610.0,2
4620.0,3
4630.0,3
4640.0,3
4650.0,3
4660.0,3
4670.0,3
4680.0,2
4690.0,3
4700.0,3
4710.0,3
4720.0,3
4730.0,3
4740.0,3
4750.0,3
4760.0,3
4770.0,3
4780.0,3
4790.0,3
4800.0,3
4810.0,3
4820.0,3
4830.0,2
4840.0,3
4850.0,3
4860.0,3
4870.0,3
4880.0,3
4890.0,3
4900.0,2
4910.0,2
4920.0,3
4930.0,3
4940.0,3
4950.0,2
4960.0,3
4970.0,3
4980.0,3
4990.0,3
5000.0,3
5010.0,4
5020.0,3
5030.0,3
5040.0,2
5050.0,2
5060.0,3
5070.0,3
5080.0,3
5090.0,2
5100.0,2
5110.0,2
5120.0,2
5130.0,3
5140.0,2
5150.0,3
5160.0,3
5170.0,2
5180.0,2
5190.0,2
5200.0,2
5210.0,3
5220.0,3
5230.0,2
5240.0,3
5250.0,3
5260.0,3
5270.0,3
5280.0,2
5290.0,3
5300.0,3
5310.0,3
5320.0,3
5330.0,2
5340.0,3
5350.0,3
5360.0,3
5370.0,3
5380.0,3
5390.0,3
5400.0,3
5410.0,3
5420.0,3
5430.0,2
5440.0,2
5450.0,3
5460.0,3
5470.0,2
5480.0,3
5490.0,2
5500.0,3
5510.0,3
5520.0,3
5530.0,3
5540.0,3
5550.0,3
5560.0,3
5570.0,2
5580.0,3
5590.0,3
5600.0,3
5610.0,2
5620.0,3
5630.0,3
5640.0,3
5650.0,3
5660.0,3
5670.0,3
5680.0,3
5690.0,3
5700.0,3
5710.0,3
5720.0,3
5730.0,3
5740.0,2
5750.0,2
5760.0,3
5770.0,2
5780.0,2
5790.0,2
5800.0,3
5810.0,3
5820.0,3
5830.0,3
5840.0,3
5850.0,3
5860.0,3
5870.0,3
5880.0,3
5890.0,3
5900.0,2
5910.0,3
5920.0,3
5930.0,3
5940.0,3
5950.0,3
5960.0,3
5970.0,2
5980.0,3
5990.0,3
6000.0,3
6010.0,1
6020.0,3
6030.0,3
6040.0,3
6050.0,3
6060.0,3
6070.0,2
6080.0,3
6090.0,3
6100.0,3
6110.0,3
6120.0,3
6130.0,3
6140.0,3
6150.0,3
6160.0,3
6170.0,3
6180.0,3
6190.0,3
6200.0,3
6210.0,3
6220.0,3
6230.0,3
6240.0,3
6250.0,3
6260.0,3
6270.0,3
6280.0,3
6290.0,3
6300.0,2
6310.0,3
6320.0,3
6330.0,3
6340.0,3
6350.0,3
6360.0,4
6370.0,3
6380.0,3
6390.0,3
6400.0,2
6410.0,3
6420.0,3
6430.0,3
6440.0,2
6450.0,3
6460.0,3
6470.0,4
6480.0,3
6490.0,3
6500.0,3
6510.0,3
6520.0,2
6530.0,3
6540.0,3
6550.0,2
6560.0,3
6570.0,3
6580.0,3
6590.0,3
6600.0,3
6610.0,3
6620.0,3
6630.0,3
6640.0,3
6650.0,3
6660.0,3
6670.0,3
6680.0,3
6690.0,3
6700.0,3
6710.0,3
6720.0,3
6730.0,3
6740.0,3
6750.0,3
6760.0,3
6770.0,3
6780.0,3
6790.0,2
6800.0,3
6810.0,3
6820.0,2
6830.0,2
6840.0,2
6850.0,3
6860.0,2
6870.0,3
6880.0,3
6890.0,3
6900.0,3
6910.0,3
6920.0,3
6930.0,2
6940.0,2
6950.0,3
6960.0,3
6970.0,3
6980.0,3
6990.0,3
7000.0,2
7010.0,2
7020.0,3
7030.0,3
7040.0,3
7050.0,3
7060.0,3
7070.0,3
7080.0,3
7090.0,3
7100.0,3
7110.0,3
7120.0,3
7130.0,3
7140.0,3
7150.0,3
7160.0,3
7170.0,3
7180.0,3
7190.0,3
7200.0,3
7210.0,3
7220.0,3
7230.0,3
7240.0,3
7250.0,3
7260.0,3
7270.0,3
7280.0,3
7290.0,2
7300.0,3
7310.0,3
7320.0,3
7330.0,3
7340.0,2
7350.0,3
7360.0,3
7370.0,2
7380.0,3
7390.0,3
7400.0,3
7410.0,3
7420.0,3
7430.0,3
7440.0,3
7450.0,3
7460.0,3
7470.0,3
7480.0,3
7490.0,3
7500.0,3
7510.0,3
7520.0,2
7530.0,3
7540.0,3
7550.0,3
7560.0,3
7570.0,3
7580.0,3
7590.0,3
7600.0,3
7610.0,2
7620.0,3
7630.0,3
7640.0,3
7650.0,3
7660.0,3
7670.0,3
7680.0,3
7690.0,2
7700.0,3
7710.0,3
7720.0,3
7730.0,3
7740.0,3
7750.0,2
7760.0,3
7770.0,3
7780.0,2
7790.0,3
7800.0,3
7810.0,3
7820.0,3
7830.0,2
7840.0,2
7850.0,3
7860.0,3
7870.0,3
7880.0,3
7890.0,3
7900.0,2
7910.0,3
7920.0,3
7930.0,3
7940.0,3
7950.0,3
7960.0,2
7970.0,2
7980.0,3
7990.0,2
8000.0,2
8010.0,2
8020.0,2
8030.0,4
8040.0,2
8050.0,3
8060.0,3
8070.0,2
8080.0,3
8090.0,3
8100.0,3
8110.0,3
8120.0,3
8130.0,3
8140.0,3
8150.0,2
8160.0,3
8170.0,2
8180.0,3
8190.0,3
8200.0,3
8210.0,3
8220.0,3
8230.0,3
8240.0,2
8250.0,3
8260.0,3
8270.0,3
8280.0,2
8290.0,3
8300.0,3
8310.0,3
8320.0,3
8330.0,3
8340.0,3
8350.0,3
8360.0,2
8370.0,2
8380.0,2
8390.0,3
8400.0,3
8410.0,2
8420.0,3
8430.0,3
8440.0,3
8450.0,3
8460.0,2
8470.0,3
8480.0,3
8490.0,2
8500.0,3
8510.0,2
8520.0,2
8530.0,3
8540.0,2
8550.0,2
8560.0,3
8570.0,2
8580.0,3
8590.0,3
8600.0,2
8610.0,3
8620.0,3
8630.0,3
8640.0,3
8650.0,2
8660.0,3
8670.0,3
8680.0,2
8690.0,3
8700.0,3
8710.0,3
8720.0,3
8730.0,3
8740.0,3
8750.0,3
8760.0,3
8770.0,3
8780.0,3
8790.0,2
8800.0,3
8810.0,3
8820.0,3
8830.0,3
8840.0,3
8850.0,3
8860.0,3
8870.0,2
8880.0,3
8890.0,3
8900.0,2
8910.0,2
8920.0,2
8930.0,3
8940.0,3
8950.0,3
8960.0,3
8970.0,3
8980.0,3
8990.0,3
9000.0,3
9010.0,3
9020.0,2
9030.0,3
9040.0,3
9050.0,3
9060.0,3
9070.0,3
9080.0,3
9090.0,3
9100.0,3
9110.0,3
9120.0,3
9130.0,3
9140.0,3
9150.0,3
9160.0,3
9170.0,4
9180.0,3
9190.0,3
9200.0,3
9210.0,3
9220.0,3
9230.0,3
9240.0,3
9250.0,3
9260.0,3
9270.0,3
9280.0,3
9290.0,3
9300.0,3
9310.0,3
9320.0,3
9330.0,3
9340.0,3
9350.0,3
9360.0,3
9370.0,3
9380.0,3
9390.0,3
9400.0,3
9410.0,3
9420.0,3
9430.0,3
9440.0,3
9450.0,3
9460.0,3
9470.0,3
9480.0,3
9490.0,3
9500.0,3
9510.0,3
9520.0,3
9530.0,3
9540.0,3
9550.0,3
9560.0,3
9570.0,3
9580.0,3
9590.0,2
9600.0,3
9610.0,3
9620.0,3
9630.0,3
9640.0,3
9650.0,3
9660.0,3
9670.0,3
9680.0,3
9690.0,3
9700.0,3
9710.0,3
9720.0,3
9730.0,3
9740.0,3
9750.0,3
9760.0,3
9770.0,3
9780.0,3
9790.0,3
9800.0,4
9810.0,3
9820.0,3
9830.0,3
9840.0,3
9850.0,3
9860.0,3
9870.0,3
9880.0,3
9890.0,3
9900.0,3
9910.0,3
9920.0,3
9930.0,2
9940.0,3
9950.0,3
9960.0,3
9970.0,2
9980.0,3
9990.0,3
10000.0,3
10010.0,3
10020.0,3
10030.0,3
10040.0,3
10050.0,3
10060.0,3
10070.0,3
10080.0,3
10090.0,3
10100.0,3
10110.0,3
10120.0,3
10130.0,3
10140.0,3
10150.0,3
10160.0,3
10170.0,3
10180.0,3
10190.0,3
10200.0,3
10210.0,3
10220.0,3
10230.0,3
10240.0,3
10250.0,3
10260.0,3
10270.0,3
10280.0,3
10290.0,3
10300.0,3
10310.0,3
10320.0,3
10330.0,3
10340.0,3
10350.0,3
10360.0,3
10370.0,3
10380.0,3
10390.0,3
10400.0,3
10410.0,3
10420.0,2
10430.0,3
10440.0,2
10450.0,3
10460.0,3
10470.0,3
10480.0,3
10490.0,3
10500.0,3
10510.0,3
10520.0,3
10530.0,3
10540.0,3
10550.0,2
10560.0,2
10570.0,3
10580.0,3
10590.0,3
10600.0,3
10610.0,3
10620.0,3
10630.0,3
10640.0,3
10650.0,3
10660.0,3
10670.0,3
10680.0,3
10690.0,3
10700.0,3
10710.0,3
10720.0,3
10730.0,2
10740.0,3
10750.0,3
10760.0,3
10770.0,3
10780.0,3
10790.0,3
10800.0,3
10810.0,3
10820.0,3
10830.0,3
10840.0,3
10850.0,3
10860.0,3
10870.0,3
10880.0,3
10890.0,3
10900.0,3
10910.0,3
10920.0,3
10930.0,3
10940.0,3
10950.0,3
10960.0,3
10970.0,3
10980.0,3
10990.0,3
11000.0,3
11010.0,3
11020.0,3
11030.0,3
11040.0,3
11050.0,3
11060.0,3
11070.0,3
11080.0,3
11090.0,3
11100.0,3
11110.0,3
11120.0,3
11130.0,3
11140.0,3
11150.0,3
11160.0,3
11170.0,3
11180.0,3
11190.0,3
11200.0,3
11210.0,3
11220.0,3
11230.0,3
11240.0,3
11250.0,3
11260.0,3
11270.0,3
11280.0,3
11290.0,3
11300.0,2
11310.0,3
11320.0,3
11330.0,4
11340.0,3
11350.0,3
11360.0,3
11370.0,2
11380.0,3
11390.0,3
11400.0,3
11410.0,3
11420.0,3
11430.0,3
11440.0,3
11450.0,3
11460.0,3
11470.0,3
11480.0,2
11490.0,3
11500.0,3
11510.0,3
11520.0,2
11530.0,2
11540.0,3
11550.0,3
11560.0,3
11570.0,1
11580.0,3
11590.0,3
11600.0,3
11610.0,3
11620.0,3
11630.0,3
11640.0,3
11650.0,3
11660.0,3
11670.0,3
11680.0,3
11690.0,3
11700.0,3
11710.0,3
11720.0,3
11730.0,3
11740.0,3
11750.0,2
11760.0,3
11770.0,3
11780.0,3
11790.0,3
11800.0,2
11810.0,3
11820.0,3
11830.0,3
11840.0,4
11850.0,3
11860.0,3
11870.0,3
11880.0,3
11890.0,3
11900.0,3
11910.0,3
11920.0,3
11930.0,2
11940.0,3
11950.0,3
11960.0,3
11970.0,3
11980.0,3
11990.0,2
12000.0,3
12010.0,3
12020.0,3
12030.0,2
12040.0,3
12050.0,3
12060.0,3
12070.0,2
12080.0,2
12090.0,2
12100.0,3
12110.0,3
12120.0,2
12130.0,3
12140.0,3
12150.0,2
12160.0,3
12170.0,2
12180.0,3
12190.0,3
12200.0,3
12210.0,3
12220.0,3
12230.0,2
12240.0,3
12250.0,3
12260.0,3
12270.0,3
12280.0,3
12290.0,3
12300.0,3
12310.0,3
12320.0,3
12330.0,3
12340.0,2
12350.0,2
12360.0,3
12370.0,3
12380.0,3
12390.0,3
12400.0,2
12410.0,3
12420.0,3
12430.0,3
12440.0,3
12450.0,2
12460.0,3
12470.0,3
12480.0,3
12490.0,3
12500.0,3
12510.0,2
12520.0,2
12530.0,3
12540.0,3
12550.0,3
12560.0,3
12570.0,3
12580.0,3
12590.0,3
12600.0,3
12610.0,3
12620.0,3
12630.0,3
12640.0,3
12650.0,3
12660.0,3
12670.0,3
12680.0,2
12690.0,3
12700.0,3
12710.0,3
12720.0,3
12730.0,3
12740.0,3
12750.0,3
12760.0,3
12770.0,3
12780.0,3
12790.0,3
12800.0,3
12810.0,3
12820.0,3
12830.0,3
12840.0,3
12850.0,3
12860.0,3
12870.0,3
12880.0,3
12890.0,3
12900.0,3
12910.0,3
12920.0,4
12930.0,3
12940.0,3
12950.0,3
12960.0,3
12970.0,3
12980.0,3
12990.0,3
13000.0,3
13010.0,3
13020.0,3
13030.0,3
13040.0,3
13050.0,3
13060.0,3
13070.0,3
13080.0,3
13090.0,3
13100.0,3
13110.0,3
13120.0,3
13130.0,3
13140.0,3
13150.0,3
13160.0,3
13170.0,3
13180.0,3
13190.0,3
13200.0,3
13210.0,3
13220.0,1
13230.0,2
13240.0,3
13250.0,3
13260.0,2
13270.0,3
13280.0,3
13290.0,3
13300.0,3
13310.0,3
13320.0,3
13330.0,3
13340.0,3
13350.0,2
13360.0,3
13370.0,2
13380.0,3
13390.0,2
13400.0,3
13410.0,3
13420.0,2
13430.0,3
13440.0,3
13450.0,3
13460.0,3
13470.0,3
13480.0,3
13490.0,3
13500.0,3
13510.0,3
13520.0,2
13530.0,3
13540.0,3
13550.0,3
13560.0,3
13570.0,3
13580.0,2
13590.0,2
13600.0,2
13610.0,2
13620.0,2
13630.0,1
13640.0,2
13650.0,2
13660.0,1
13670.0,2
13680.0,3
13690.0,1
13700.0,3
13710.0,3
13720.0,3
13730.0,3
13740.0,3
13750.0,3
13760.0,3
13770.0,2
13780.0,2
13790.0,1
13800.0,1
13810.0,2
13820.0,3
13830.0,2
13840.0,2
13850.0,2
13860.0,2
13870.0,2
13880.0,3
13890.0,2
13900.0,2
13910.0,3
13920.0,3
13930.0,2
13940.0,3
13950.0,2
13960.0,2
13970.0,2
13980.0,3
13990.0,3
14000.0,3
14010.0,3
14020.0,3
14030.0,2
14040.0,2
14050.0,2
14060.0,3
14070.0,3
14080.0,3
14090.0,3
14100.0,3
14110.0,3
14120.0,3
14130.0,3
14140.0,3
14150.0,2
14160.0,3
14170.0,3
14180.0,3
14190.0,2
14200.0,3
14210.0,2
14220.0,2
14230.0,2
14240.0,3
14250.0,3
14260.0,3
14270.0,3
14280.0,3
14290.0,3
14300.0,3
14310.0,3
14320.0,3
14330.0,3
14340.0,2
14350.0,3
14360.0,3
14370.0,2
14380.0,2
14390.0,2
14400.0,2
14410.0,3
14420.0,3
14430.0,3
14440.0,3
14450.0,2
14460.0,3
14470.0,2
14480.0,2
14490.0,3
14500.0,1
14510.0,3
14520.0,3
14530.0,2
14540.0,2
14550.0,2
14560.0,3
14570.0,3
14580.0,3
14590.0,2
14600.0,2
14610.0,3
14620.0,3
14630.0,3
14640.0,3
14650.0,3
14660.0,3
14670.0,3
14680.0,3
14690.0,2
14700.0,3
14710.0,3
14720.0,3
14730.0,3
14740.0,2
14750.0,2
14760.0,3
14770.0,2
14780.0,3
14790.0,2
14800.0,3
14810.0,2
14820.0,3
14830.0,3
14840.0,3
14850.0,3
14860.0,3
14870.0,3
14880.0,3
14890.0,2
14900.0,3
14910.0,3
14920.0,3
14930.0,3
14940.0,3
14950.0,2
14960.0,3
14970.0,3
14980.0,2
14990.0,3
15000.0,3
15010.0,2
15020.0,3
15030.0,2
15040.0,3
15050.0,3
15060.0,2
15070.0,3
15080.0,3
15090.0,2
15100.0,3
15110.0,3
15120.0,3
15130.0,3
15140.0,3
15150.0,2
15160.0,3
15170.0,3
15180.0,3
15190.0,3
15200.0,3
15210.0,3
15220.0,3
15230.0,3
15240.0,3
15250.0,2
15260.0,2
15270.0,3
15280.0,3
15290.0,3
15300.0,3
15310.0,2
15320.0,3
15330.0,3
15340.0,3
15350.0,2
15360.0,2
15370.0,3
15380.0,2
15390.0,3
15400.0,3
15410.0,3
15420.0,3
15430.0,3
15440.0,3
15450.0,3
15460.0,3
15470.0,2
15480.0,3
15490.0,3
15500.0,2
15510.0,3
15520.0,2
15530.0,2
15540.0,3
15550.0,3
15560.0,2
15570.0,2
15580.0,2
15590.0,3
15600.0,3
15610.0,3
15620.0,2
15630.0,3
15640.0,3
15650.0,3
15660.0,2
15670.0,3
15680.0,3
15690.0,2
15700.0,3
15710.0,3
15720.0,3
15730.0,3
15740.0,3
15750.0,3
15760.0,2
15770.0,3
15780.0,3
15790.0,3
15800.0,3
15810.0,2
15820.0,3
15830.0,3
15840.0,3
15850.0,3
15860.0,3
15870.0,3
15880.0,3
15890.0,3
15900.0,3
15910.0,3
15920.0,3
15930.0,3
15940.0,3
15950.0,3
15960.0,3
15970.0,3
15980.0,3
15990.0,3
16000.0,3
16010.0,3
16020.0,3
16030.0,3
16040.0,3
16050.0,3
16060.0,3
16070.0,3
16080.0,3
16090.0,3
16100.0,3
16110.0,3
16120.0,3
16130.0,3
16140.0,3
16150.0,3
16160.0,3
16170.0,3
16180.0,3
16190.0,3
16200.0,3
16210.0,3
16220.0,3
16230.0,3
16240.0,3
16250.0,3
16260.0,3
16270.0,3
16280.0,3
16290.0,3
16300.0,3
16310.0,4
16320.0,3
16330.0,3
16340.0,3
16350.0,3
16360.0,3
16370.0,3
16380.0,3
16390.0,3
16400.0,3
16410.0,3
16420.0,3
16430.0,3
16440.0,3
16450.0,3
16460.0,3
16470.0,3
16480.0,3
16490.0,3
16500.0,3
16510.0,3
16520.0,3
16530.0,3
16540.0,3
16550.0,3
16560.0,3
16570.0,3
16580.0,3
16590.0,3
16600.0,3
16610.0,2
16620.0,3
16630.0,3
16640.0,3
16650.0,3
16660.0,3
16670.0,3
16680.0,3
16690.0,2
16700.0,3
16710.0,3
16720.0,3
16730.0,3
16740.0,2
16750.0,3
16760.0,3
16770.0,3
16780.0,3
16790.0,3
16800.0,3
16810.0,3
16820.0,3
16830.0,3
16840.0,3
16850.0,3
16860.0,3
16870.0,3
16880.0,3
16890.0,2
16900.0,3
16910.0,3
16920.0,3
16930.0,3
16940.0,3
16950.0,3
16960.0,3
16970.0,3
16980.0,3
16990.0,3
17000.0,3
17010.0,3
17020.0,3
17030.0,3
17040.0,3
17050.0,3
17060.0,3
17070.0,3
17080.0,3
17090.0,2
17100.0,3
17110.0,3
17120.0,3
17130.0,3
17140.0,3
17150.0,3
17160.0,3
17170.0,3
17180.0,3
17190.0,3
17200.0,3
17210.0,3
17220.0,3
17230.0,3
17240.0,3
17250.0,3
17260.0,3
17270.0,3
17280.0,3
17290.0,3
17300.0,3
17310.0,3
17320.0,3
17330.0,3
17340.0,3
17350.0,3
17360.0,3
17370.0,3
17380.0,3
17390.0,3
17400.0,3
17410.0,3
17420.0,2
17430.0,3
17440.0,3
17450.0,3
17460.0,3
17470.0,3
17480.0,3
17490.0,3
17500.0,3
17510.0,2
17520.0,3
17530.0,3
17540.0,3
17550.0,3
17560.0,3
17570.0,3
17580.0,3
17590.0,3
17600.0,3
17610.0,3
17620.0,3
17630.0,3
17640.0,3
17650.0,3
17660.0,3
17670.0,3
17680.0,3
17690.0,3
17700.0,3
17710.0,3
17720.0,3
17730.0,3
17740.0,3
17750.0,3
17760.0,3
17770.0,3
17780.0,3
17790.0,3
17800.0,3
17810.0,3
17820.0,3
17830.0,3
17840.0,3
17850.0,3
17860.0,3
17870.0,3
17880.0,3
17890.0,3
17900.0,3
17910.0,3
17920.0,3
17930.0,3
17940.0,3
17950.0,3
17960.0,3
17970.0,3
17980.0,3
17990.0,3
18000.0,3
18010.0,3
18020.0,3
18030.0,2
18040.0,3
18050.0,3
18060.0,3
18070.0,3
18080.0,3
18090.0,3
18100.0,3
18110.0,3
18120.0,3
18130.0,3
18140.0,3
18150.0,3
18160.0,3
18170.0,4
18180.0,3
18190.0,3
18200.0,3
18210.0,3
18220.0,3
18230.0,3
18240.0,3
18250.0,3
18260.0,3
18270.0,3
18280.0,3
18290.0,3
18300.0,3
18310.0,3
18320.0,3
18330.0,3
18340.0,3
18350.0,3
18360.0,3
18370.0,3
18380.0,3
18390.0,3
18400.0,3
18410.0,2
18420.0,3
18430.0,3
18440.0,2
18450.0,3
18460.0,3
18470.0,2
18480.0,3
18490.0,3
18500.0,3
18510.0,3
18520.0,3
18530.0,3
18540.0,3
18550.0,3
18560.0,3
18570.0,3
18580.0,3
18590.0,2
18600.0,3
18610.0,3
18620.0,3
18630.0,2
18640.0,3
18650.0,3
18660.0,3
18670.0,3
18680.0,3
18690.0,3
18700.0,3
18710.0,3
18720.0,3
18730.0,3
18740.0,3
18750.0,3
18760.0,3
18770.0,3
18780.0,3
18790.0,3
18800.0,3
18810.0,3
18820.0,2
18830.0,3
18840.0,3
18850.0,3
18860.0,3
18870.0,3
18880.0,3
18890.0,3
18900.0,3
18910.0,3
18920.0,3
18930.0,3
18940.0,3
18950.0,3
18960.0,3
18970.0,3
18980.0,2
18990.0,3
19000.0,3
19010.0,3
19020.0,2
19030.0,3
19040.0,3
19050.0,3
19060.0,3
19070.0,3
19080.0,3
19090.0,3
19100.0,3
19110.0,3
19120.0,3
19130.0,3
19140.0,2
19150.0,3
19160.0,3
19170.0,3
19180.0,3
19190.0,3
19200.0,3
19210.0,3
19220.0,3
19230.0,3
19240.0,3
19250.0,3
19260.0,3
19270.0,3
19280.0,3
19290.0,3
19300.0,3
19310.0,2
19320.0,3
19330.0,3
19340.0,3
19350.0,3
19360.0,3
19370.0,3
19380.0,3
19390.0,2
19400.0,3
19410.0,3
19420.0,3
19430.0,3
19440.0,3
19450.0,3
19460.0,3
19470.0,3
19480.0,3
19490.0,3
19500.0,3
19510.0,2
19520.0,3
19530.0,3
19540.0,3
19550.0,3
19560.0,3
19570.0,3
19580.0,3
19590.0,3
19600.0,3
19610.0,3
19620.0,3
19630.0,3
19640.0,3
19650.0,3
19660.0,2
19670.0,3
19680.0,3
19690.0,3
19700.0,3
19710.0,3
19720.0,3
19730.0,3
19740.0,3
19750.0,3
19760.0,3
19770.0,3
19780.0,3
19790.0,3
19800.0,3
19810.0,3
19820.0,3
19830.0,3
19840.0,3
19850.0,3
19860.0,3
19870.0,3
19880.0,3
19890.0,3
19900.0,3
19910.0,3
19920.0,3
19930.0,3
19940.0,3
19950.0,3
19960.0,3
19970.0,3
19980.0,3
19990.0,3
20000.0,3
20010.0,3
20020.0,3
20030.0,3
20040.0,3
20050.0,3
20060.0,3
20070.0,3
20080.0,3
20090.0,3
20100.0,3
20110.0,3
20120.0,3
20130.0,3
20140.0,3
20150.0,3
20160.0,3
20170.0,3
20180.0,3
20190.0,2
20200.0,3
20210.0,3
20220.0,2
20230.0,3
20240.0,3
20250.0,3
20260.0,3
20270.0,3
20280.0,3
20290.0,3
20300.0,3
20310.0,3
20320.0,3
20330.0,3
20340.0,2
20350.0,3
20360.0,2
20370.0,3
20380.0,3
20390.0,3
20400.0,2
20410.0,3
20420.0,3
20430.0,2
20440.0,3
20450.0,3
20460.0,3
20470.0,3
20480.0,3
20490.0,3
20500.0,2
20510.0,3
20520.0,3
20530.0,3
20540.0,3
20550.0,3
20560.0,3
20570.0,3
20580.0,3
20590.0,3
20600.0,3
20610.0,3
20620.0,3
20630.0,3
20640.0,3
20650.0,3
20660.0,3
20670.0,2
20680.0,3
20690.0,3
20700.0,3
20710.0,3
20720.0,3
20730.0,3
20740.0,3
20750.0,2
20760.0,3
20770.0,3
20780.0,3
20790.0,3
20800.0,3
20810.0,3
20820.0,3
20830.0,3
20840.0,3
20850.0,3
20860.0,2
20870.0,3
20880.0,3
20890.0,3
20900.0,3
20910.0,3
20920.0,3
20930.0,3
20940.0,3
20950.0,3
20960.0,3
20970.0,3
20980.0,3
20990.0,3
21000.0,3
21010.0,3
21020.0,3
21030.0,3
21040.0,3
21050.0,3
21060.0,3
21070.0,3
21080.0,3
21090.0,3
21100.0,3
21110.0,3
21120.0,3
21130.0,3
21140.0,3
21150.0,3
21160.0,3
21170.0,3
21180.0,3
21190.0,3
21200.0,3
21210.0,3
21220.0,3
21230.0,3
21240.0,2
21250.0,3
21260.0,3
21270.0,3
21280.0,3
21290.0,3
21300.0,3
21310.0,3
21320.0,3
21330.0,3
21340.0,3
21350.0,3
21360.0,3
21370.0,3
21380.0,3
21390.0,3
21400.0,3
21410.0,3
21420.0,3
21430.0,2
21440.0,4
21450.0,3
21460.0,2
21470.0,3
21480.0,2
21490.0,3
21500.0,3
21510.0,2
21520.0,3
21530.0,3
21540.0,3
21550.0,3
21560.0,3
21570.0,3
21580.0,3
21590.0,3
21600.0,3
21610.0,3
21620.0,2
21630.0,2
21640.0,2
21650.0,3
21660.0,3
21670.0,3
21680.0,3
21690.0,3
21700.0,3
21710.0,3
21720.0,3
21730.0,3
21740.0,3
21750.0,3
21760.0,3
21770.0,3
21780.0,3
21790.0,3
21800.0,3
21810.0,2
21820.0,3
21830.0,2
21840.0,3
21850.0,3
21860.0,3
21870.0,3
21880.0,3
21890.0,2
21900.0,3
21910.0,3
21920.0,2
21930.0,3
21940.0,3
21950.0,2
21960.0,3
21970.0,3
21980.0,3
21990.0,2
22000.0,3
22010.0,3
22020.0,3
22030.0,3
22040.0,2
22050.0,3
22060.0,3
22070.0,3
22080.0,3
22090.0,3
22100.0,3
22110.0,3
22120.0,3
22130.0,3
22140.0,3
22150.0,3
22160.0,3
22170.0,3
22180.0,3
22190.0,3
22200.0,3
22210.0,2
22220.0,3
22230.0,3
22240.0,2
22250.0,3
22260.0,2
22270.0,3
22280.0,3
22290.0,3
22300.0,3
22310.0,3
22320.0,3
22330.0,3
22340.0,3
22350.0,2
22360.0,3
22370.0,3
22380.0,3
22390.0,3
22400.0,3
22410.0,3
22420.0,3
22430.0,2
22440.0,2
22450.0,3
22460.0,2
22470.0,2
22480.0,3
22490.0,3
22500.0,3
22510.0,3
22520.0,2
22530.0,3
22540.0,2
22550.0,3
22560.0,2
22570.0,3
22580.0,3
22590.0,3
22600.0,3
22610.0,3
22620.0,3
22630.0,3
22640.0,3
22650.0,3
22660.0,3
22670.0,2
22680.0,3
22690.0,3
22700.0,3
22710.0,3
22720.0,3
22730.0,3
22740.0,3
22750.0,3
22760.0,3
22770.0,3
22780.0,2
22790.0,3
22800.0,3
22810.0,2
22820.0,3
22830.0,3
22840.0,2
22850.0,3
22860.0,3
22870.0,2
22880.0,3
22890.0,3
22900.0,3
22910.0,3
22920.0,3
22930.0,2
22940.0,3
22950.0,3
22960.0,2
22970.0,3
22980.0,2
22990.0,3
23000.0,3
23010.0,2
23020.0,2
23030.0,3
23040.0,3
23050.0,3
23060.0,3
23070.0,3
23080.0,3
23090.0,3
23100.0,2
23110.0,3
23120.0,3
23130.0,3
23140.0,3
23150.0,3
23160.0,3
23170.0,3
23180.0,3
23190.0,3
23200.0,3
23210.0,3
23220.0,3
23230.0,3
23240.0,3
23250.0,3
23260.0,3
23270.0,2
23280.0,3
23290.0,3
23300.0,3
23310.0,3
23320.0,3
23330.0,3
23340.0,2
23350.0,2
23360.0,3
23370.0,3
23380.0,3
23390.0,3
23400.0,3
23410.0,3
23420.0,3
23430.0,3
23440.0,3
23450.0,3
23460.0,2
23470.0,2
23480.0,3
23490.0,3
23500.0,3
23510.0,2
23520.0,3
23530.0,3
23540.0,0
23550.0,2
23560.0,3
23570.0,2
23580.0,3
23590.0,3
23600.0,3
23610.0,3
23620.0,3
23630.0,3
23640.0,3
23650.0,3
23660.0,3
23670.0,3
23680.0,3
23690.0,2
23700.0,3
23710.0,3
23720.0,3
23730.0,3
23740.0,3
23750.0,3
23760.0,3
23770.0,3
23780.0,3
23790.0,2
23800.0,3
23810.0,3
23820.0,3
23830.0,3
23840.0,3
23850.0,3
23860.0,3
23870.0,2
23880.0,3
23890.0,3
23900.0,2
23910.0,3
23920.0,3
23930.0,3
23940.0,2
23950.0,3
23960.0,2
23970.0,2
23980.0,3
23990.0,2
24000.0,2
24010.0,3
24020.0,3
24030.0,3
24040.0,3
24050.0,3
24060.0,2
24070.0,2
24080.0,3
24090.0,3
24100.0,2
24110.0,3
24120.0,3
24130.0,3
24140.0,3
24150.0,3
24160.0,3
24170.0,2
24180.0,2
24190.0,2
24200.0,2
24210.0,2
24220.0,3
24230.0,3
24240.0,3
24250.0,3
24260.0,3
24270.0,2
24280.0,2
24290.0,2
24300.0,3
24310.0,3
24320.0,3
24330.0,3
24340.0,2
24350.0,2
24360.0,2
24370.0,1
24380.0,2
24390.0,3
24400.0,2
24410.0,2
24420.0,2
24430.0,1
24440.0,2
24450.0,1
24460.0,2
24470.0,3
24480.0,2
24490.0,3
24500.0,3
24510.0,2
24520.0,3
24530.0,3
24540.0,3
24550.0,3
24560.0,3
24570.0,3
24580.0,3
24590.0,3
24600.0,3
24610.0,3
24620.0,3
24630.0,3
24640.0,3
24650.0,3
24660.0,2
24670.0,2
24680.0,3
24690.0,3
24700.0,3
24710.0,2
24720.0,3
24730.0,3
24740.0,3
24750.0,3
24760.0,3
24770.0,3
24780.0,2
24790.0,3
24800.0,3
24810.0,3
24820.0,3
24830.0,3
24840.0,2
24850.0,3
24860.0,3
24870.0,3
24880.0,3
24890.0,3
24900.0,3
24910.0,3
24920.0,2
24930.0,3
24940.0,2
24950.0,3
24960.0,3
24970.0,3
24980.0,3
24990.0,3
25000.0,3
25010.0,3
25020.0,3
25030.0,3
25040.0,3
25050.0,3
25060.0,3
25070.0,3
25080.0,3
25090.0,3
25100.0,3
25110.0,3
25120.0,3
25130.0,3
25140.0,3
25150.0,3
25160.0,3
25170.0,3
25180.0,3
25190.0,3
25200.0,3
25210.0,3
25220.0,3
25230.0,3
25240.0,3
25250.0,3
25260.0,3
25270.0,3
25280.0,3
25290.0,3
25300.0,3
25310.0,3
25320.0,3
25330.0,3
25340.0,3
25350.0,3
25360.0,3
25370.0,3
25380.0,2
25390.0,3
25400.0,3
25410.0,3
25420.0,3
25430.0,3
25440.0,3
25450.0,3
25460.0,3
25470.0,3
25480.0,2
25490.0,3
25500.0,3
25510.0,3
25520.0,3
25530.0,2
25540.0,3
25550.0,3
25560.0,3
25570.0,3
25580.0,3
25590.0,3
25600.0,3
25610.0,3
25620.0,3
25630.0,3
25640.0,3
25650.0,3
25660.0,3
25670.0,3
25680.0,3
25690.0,3
25700.0,3
25710.0,3
25720.0,3
25730.0,3
25740.0,4
25750.0,3
25760.0,3
25770.0,3
25780.0,3
25790.0,3
25800.0,3
25810.0,3
25820.0,3
25830.0,3
25840.0,3
25850.0,3
25860.0,3
25870.0,3
25880.0,3
25890.0,3
25900.0,3
25910.0,3
25920.0,3
25930.0,3
25940.0,3
25950.0,3
25960.0,4
25970.0,3
25980.0,3
25990.0,3
26000.0,3
26010.0,3
26020.0,3
26030.0,4
26040.0,3
26050.0,3
26060.0,3
26070.0,3
26080.0,3
26090.0,3
26100.0,3
26110.0,3
26120.0,3
26130.0,3
26140.0,3
26150.0,3
26160.0,3
26170.0,3
26180.0,3
26190.0,3
26200.0,3
26210.0,3
26220.0,3
26230.0,3
26240.0,3
26250.0,3
26260.0,3
26270.0,3
26280.0,3
26290.0,3
26300.0,3
26310.0,3
26320.0,3
26330.0,3
26340.0,3
26350.0,3
26360.0,3
26370.0,3
26380.0,3
26390.0,3
26400.0,3
26410.0,3
26420.0,3
26430.0,3
26440.0,3
26450.0,3
26460.0,3
26470.0,3
26480.0,3
26490.0,3
26500.0,3
26510.0,3
26520.0,3
26530.0,3
26540.0,3
26550.0,3
26560.0,3
26570.0,3
26580.0,3
26590.0,3
26600.0,3
26610.0,3
26620.0,3
26630.0,3
26640.0,3
26650.0,3
26660.0,3
26670.0,3
26680.0,3
26690.0,3
26700.0,3
26710.0,3
26720.0,3
26730.0,3
26740.0,3
26750.0,3
26760.0,3
26770.0,3
26780.0,3
26790.0,3
26800.0,3
26810.0,3
26820.0,3
26830.0,3
26840.0,3
26850.0,3
26860.0,3
26870.0,3
26880.0,3
26890.0,3
26900.0,3
26910.0,3
26920.0,3
26930.0,3
26940.0,3
26950.0,3
26960.0,3
26970.0,3
26980.0,3
26990.0,3
27000.0,3
27010.0,3
27020.0,3
27030.0,3
27040.0,3
27050.0,3
27060.0,3
27070.0,3
27080.0,2
27090.0,3
27100.0,3
27110.0,3
27120.0,3
27130.0,3
27140.0,3
27150.0,3
27160.0,3
27170.0,3
27180.0,3
27190.0,3
27200.0,3
27210.0,3
27220.0,3
27230.0,3
27240.0,3
27250.0,3
27260.0,3
27270.0,3
27280.0,3
27290.0,3
27300.0,3
27310.0,3
27320.0,3
27330.0,3
27340.0,3
27350.0,3
27360.0,3
27370.0,3
27380.0,3
27390.0,3
27400.0,3
27410.0,2
27420.0,3
27430.0,3
27440.0,3
27450.0,2
27460.0,3
27470.0,3
27480.0,3
27490.0,3
27500.0,3
27510.0,3
27520.0,3
27530.0,3
27540.0,3
27550.0,3
27560.0,3
27570.0,3
27580.0,3
27590.0,3
27600.0,3
27610.0,3
27620.0,3
27630.0,3
27640.0,3
27650.0,3
27660.0,3
27670.0,3
27680.0,3
27690.0,4
27700.0,3
27710.0,3
27720.0,3
27730.0,3
27740.0,3
27750.0,3
27760.0,3
27770.0,3
27780.0,3
27790.0,3
27800.0,3
27810.0,3
27820.0,3
27830.0,3
27840.0,3
27850.0,3
27860.0,3
27870.0,3
27880.0,3
27890.0,3
27900.0,3
27910.0,3
27920.0,3
27930.0,3
27940.0,4
27950.0,3
27960.0,4
27970.0,3
27980.0,3
27990.0,4
28000.0,3
28010.0,3
28020.0,3
28030.0,3
28040.0,3
28050.0,3
28060.0,3
28070.0,3
28080.0,3
28090.0,3
28100.0,3
28110.0,3
28120.0,3
28130.0,3
28140.0,3
28150.0,3
28160.0,3
28170.0,3
28180.0,3
28190.0,3
28200.0,3
28210.0,3
28220.0,3
28230.0,3
28240.0,3
28250.0,3
28260.0,3
28270.0,3
28280.0,3
28290.0,3
28300.0,3
28310.0,4
28320.0,3
28330.0,3
28340.0,3
28350.0,3
28360.0,3
28370.0,3
28380.0,3
28390.0,3
28400.0,3
28410.0,3
28420.0,3
28430.0,3
28440.0,3
28450.0,3
28460.0,3
28470.0,4
28480.0,3
28490.0,4
28500.0,3
28510.0,3
28520.0,2
28530.0,3
28540.0,3
28550.0,3
28560.0,3
28570.0,3
28580.0,3
28590.0,3
28600.0,3
28610.0,3
28620.0,3
28630.0,3
28640.0,3
28650.0,3
28660.0,3
28670.0,3
28680.0,3
28690.0,3
28700.0,3
28710.0,3
28720.0,3
28730.0,3
28740.0,3
28750.0,3
28760.0,3
28770.0,3
28780.0,3
28790.0,3
28800.0,3
28810.0,3
28820.0,3
28830.0,3
28840.0,3
28850.0,3
28860.0,3
28870.0,3
28880.0,3
28890.0,3
28900.0,3
28910.0,3
28920.0,3
28930.0,3
28940.0,3
28950.0,3
28960.0,2
28970.0,3
28980.0,3
28990.0,3
29000.0,3
29010.0,3
29020.0,3
29030.0,3
29040.0,3
29050.0,3
29060.0,3
29070.0,3
29080.0,3
29090.0,3
29100.0,3
29110.0,4
29120.0,3
29130.0,3
29140.0,3
29150.0,4
29160.0,3
29170.0,3
29180.0,3
29190.0,3
29200.0,4
29210.0,3
29220.0,3
29230.0,3
29240.0,3
29250.0,3
29260.0,3
29270.0,3
29280.0,3
29290.0,3
29300.0,3
29310.0,3
29320.0,3
29330.0,3
29340.0,3
29350.0,3
29360.0,3
29370.0,3
29380.0,3
29390.0,3
29400.0,3
29410.0,3
29420.0,3
29430.0,3
29440.0,3
29450.0,2
29460.0,3
29470.0,3
29480.0,3
29490.0,3
29500.0,3
29510.0,3
29520.0,3
29530.0,3
29540.0,3
29550.0,3
29560.0,3
29570.0,3
29580.0,3
29590.0,3
29600.0,3
29610.0,3
29620.0,3
29630.0,3
29640.0,3
29650.0,3
29660.0,3
29670.0,3
29680.0,3
29690.0,3
29700.0,2
29710.0,2
29720.0,2
29730.0,2
29740.0,2
29750.0,2
29760.0,2
29770.0,2
29780.0,2
29790.0,2
29800.0,2
29810.0,3
29820.0,3
29830.0,3
29840.0,3
29850.0,3
29860.0,3
29870.0,3
29880.0,3
29890.0,3
29900.0,3
29910.0,3
29920.0,3
29930.0,3
29940.0,3
29950.0,3
29960.0,3
29970.0,3
29980.0,3
29990.0,3
30000.0,3
30010.0,3
30020.0,3
30030.0,3
30040.0,3
30050.0,3
30060.0,3
30070.0,3
30080.0,3
30090.0,3
30100.0,3
30110.0,3
30120.0,3
30130.0,3
30140.0,3
30150.0,3
30160.0,3
30170.0,3
30180.0,3
30190.0,3
30200.0,3
30210.0,3
30220.0,3
30230.0,3
30240.0,3
30250.0,3
30260.0,3
30270.0,3
30280.0,3
30290.0,3
30300.0,3
30310.0,3
30320.0,3
30330.0,2
30340.0,3
30350.0,3
30360.0,3
30370.0,3
30380.0,3
30390.0,3
30400.0,3
30410.0,3
30420.0,3
30430.0,3
30440.0,3
30450.0,3
30460.0,3
30470.0,3
30480.0,3
30490.0,3
30500.0,3
30510.0,3
30520.0,3
30530.0,3
30540.0,3
30550.0,3
30560.0,3
30570.0,3
30580.0,3
30590.0,3
30600.0,3
30610.0,3
30620.0,3
30630.0,3
30640.0,3
30650.0,3
30660.0,3
30670.0,3
30680.0,3
30690.0,3
30700.0,3
30710.0,3
30720.0,3
30730.0,3
30740.0,3
30750.0,4
30760.0,3
30770.0,3
30780.0,3
30790.0,3
30800.0,3
30810.0,3
30820.0,3
30830.0,3
30840.0,3
30850.0,3
30860.0,3
30870.0,3
30880.0,3
30890.0,3
30900.0,3
30910.0,3
30920.0,3
30930.0,3
30940.0,3
30950.0,3
30960.0,3
30970.0,3
30980.0,3
30990.0,3
31000.0,3
31010.0,3
31020.0,3
31030.0,3
31040.0,3
31050.0,3
31060.0,3
31070.0,3
31080.0,3
31090.0,3
31100.0,3
31110.0,3
31120.0,3
31130.0,3
31140.0,3
31150.0,3
31160.0,3
31170.0,3
31180.0,3
31190.0,3
31200.0,3
31210.0,3
31220.0,3
31230.0,3
31240.0,3
31250.0,3
31260.0,3
31270.0,3
31280.0,3
31290.0,3
31300.0,3
31310.0,3
31320.0,3
31330.0,3
31340.0,3
31350.0,3
31360.0,3
31370.0,3
31380.0,3
31390.0,3
31400.0,3
31410.0,3
31420.0,3
31430.0,3
31440.0,3
31450.0,3
31460.0,3
31470.0,3
31480.0,3
31490.0,3
31500.0,3
31510.0,3
31520.0,3
31530.0,3
31540.0,3
31550.0,3
31560.0,3
31570.0,3
31580.0,3
31590.0,3
31600.0,3
31610.0,3
31620.0,3
31630.0,3
31640.0,3
31650.0,3
31660.0,3
31670.0,3
31680.0,3
31690.0,3
31700.0,3
31710.0,3
31720.0,3
31730.0,3
31740.0,3
31750.0,3
31760.0,3
31770.0,3
31780.0,2
31790.0,3
31800.0,3
31810.0,3
31820.0,3
31830.0,3
31840.0,3
31850.0,3
31860.0,3
31870.0,3
31880.0,3
31890.0,3
31900.0,3
31910.0,3
31920.0,3
31930.0,3
31940.0,3
31950.0,3
31960.0,3
31970.0,3
31980.0,3
31990.0,3
32000.0,3
32010.0,3
32020.0,3
32030.0,3
32040.0,3
32050.0,3
32060.0,3
32070.0,3
32080.0,3
32090.0,3
32100.0,3
32110.0,3
32120.0,3
32130.0,3
32140.0,3
32150.0,3
32160.0,3
32170.0,3
32180.0,3
32190.0,3
32200.0,3
32210.0,3
32220.0,3
32230.0,3
32240.0,3
32250.0,3
32260.0,3
32270.0,3
32280.0,3
32290.0,3
32300.0,3
32310.0,3
32320.0,3
32330.0,3
32340.0,3
32350.0,3
32360.0,3
32370.0,3
32380.0,3
32390.0,2
32400.0,3
32410.0,3
32420.0,3
32430.0,3
32440.0,3
32450.0,3
32460.0,3
32470.0,3
32480.0,3
32490.0,3
32500.0,3
32510.0,3
32520.0,3
32530.0,3
32540.0,3
32550.0,3
32560.0,3
32570.0,3
32580.0,3
32590.0,3
32600.0,3
32610.0,3
32620.0,3
32630.0,3
32640.0,3
32650.0,4
32660.0,3
32670.0,3
32680.0,3
32690.0,3
32700.0,3
32710.0,3
32720.0,3
32730.0,3
32740.0,3
32750.0,3
32760.0,3
32770.0,3
32780.0,3
32790.0,3
32800.0,3
32810.0,3
32820.0,3
32830.0,3
32840.0,3
32850.0,3
32860.0,3
32870.0,3
32880.0,3
32890.0,3
32900.0,3
32910.0,3
32920.0,3
32930.0,3
32940.0,3
32950.0,3
32960.0,3
32970.0,3
32980.0,3
32990.0,3
33000.0,3
33010.0,3
33020.0,3
33030.0,3
33040.0,3
33050.0,3
33060.0,3
33070.0,4
33080.0,2
33090.0,3
33100.0,3
33110.0,3
33120.0,3
33130.0,3
33140.0,3
33150.0,3
33160.0,3
33170.0,3
33180.0,3
33190.0,3
33200.0,3
33210.0,3
33220.0,3
33230.0,3
33240.0,3
33250.0,3
33260.0,3
33270.0,3
33280.0,3
33290.0,3
33300.0,3
33310.0,3
33320.0,3
33330.0,3
33340.0,3
33350.0,3
33360.0,3
33370.0,3
33380.0,3
33390.0,3
33400.0,3
33410.0,3
33420.0,3
33430.0,3
33440.0,3
33450.0,4
33460.0,3
33470.0,3
33480.0,3
33490.0,3
33500.0,3
33510.0,3
33520.0,3
33530.0,3
33540.0,3
33550.0,3
33560.0,3
33570.0,3
33580.0,3
33590.0,3
33600.0,3
33610.0,3
33620.0,3
33630.0,3
33640.0,3
33650.0,2
33660.0,3
33670.0,3
33680.0,3
33690.0,3
33700.0,3
33710.0,3
33720.0,3
33730.0,3
33740.0,3
33750.0,3
33760.0,3
33770.0,3
33780.0,3
33790.0,3
33800.0,3
33810.0,3
33820.0,3
33830.0,3
33840.0,3
33850.0,3
33860.0,3
33870.0,3
33880.0,3
33890.0,3
33900.0,3
33910.0,3
33920.0,3
33930.0,3
33940.0,3
33950.0,3
33960.0,3
33970.0,3
33980.0,3
33990.0,3
34000.0,3
34010.0,3
34020.0,3
34030.0,3
34040.0,3
34050.0,3
34060.0,3
34070.0,3
34080.0,3
34090.0,3
34100.0,3
34110.0,3
34120.0,3
34130.0,3
34140.0,3
34150.0,3
34160.0,3
34170.0,3
34180.0,3
34190.0,3
34200.0,3
34210.0,3
34220.0,3
34230.0,3
34240.0,3
34250.0,3
34260.0,3
34270.0,3
34280.0,3
34290.0,3
34300.0,3
34310.0,3
34320.0,3
34330.0,3
34340.0,3
34350.0,3
34360.0,3
34370.0,4
34380.0,4
34390.0,3
34400.0,3
34410.0,3
34420.0,3
34430.0,3
34440.0,3
34450.0,3
34460.0,3
34470.0,3
34480.0,3
34490.0,3
34500.0,3
34510.0,3
34520.0,3
34530.0,3
34540.0,3
34550.0,3
34560.0,3
34570.0,3
34580.0,3
34590.0,3
34600.0,3
34610.0,3
34620.0,3
34630.0,3
34640.0,3
34650.0,3
34660.0,3
34670.0,3
34680.0,3
34690.0,3
34700.0,3
34710.0,3
34720.0,3
34730.0,3
34740.0,3
34750.0,3
34760.0,3
34770.0,3
34780.0,3
34790.0,3
34800.0,3
34810.0,3
34820.0,3
34830.0,2
34840.0,3
34850.0,3
34860.0,3
34870.0,3
34880.0,3
34890.0,3
34900.0,3
34910.0,3
34920.0,3
34930.0,3
34940.0,3
34950.0,3
34960.0,3
34970.0,3
34980.0,3
34990.0,3
35000.0,3
35010.0,4
35020.0,3
35030.0,3
35040.0,3
35050.0,3
35060.0,3
35070.0,3
35080.0,3
35090.0,3
35100.0,3
35110.0,3
35120.0,3
35130.0,3
35140.0,3
35150.0,3
35160.0,3
35170.0,3
35180.0,3
35190.0,3
35200.0,3
35210.0,4
35220.0,3
35230.0,3
35240.0,3
35250.0,3
35260.0,3
35270.0,3
35280.0,3
35290.0,3
35300.0,3
35310.0,3
35320.0,3
35330.0,3
35340.0,3
35350.0,3
35360.0,3
35370.0,3
35380.0,3
35390.0,3
35400.0,4
35410.0,3
35420.0,3
35430.0,3
35440.0,3
35450.0,3
35460.0,3
35470.0,3
35480.0,3
35490.0,3
35500.0,3
35510.0,3
35520.0,3
35530.0,3
35540.0,3
35550.0,4
35560.0,4
35570.0,3
35580.0,3
35590.0,3
35600.0,3
35610.0,3
35620.0,3
35630.0,3
35640.0,3
35650.0,3
35660.0,3
35670.0,3
35680.0,3
35690.0,3
35700.0,3
35710.0,3
35720.0,3
35730.0,3
35740.0,3
35750.0,3
35760.0,3
35770.0,3
35780.0,3
35790.0,3
35800.0,3
35810.0,3
35820.0,3
35830.0,3
35840.0,3
35850.0,3
35860.0,3
35870.0,3
35880.0,3
35890.0,3
35900.0,3
35910.0,3
35920.0,3
35930.0,3
35940.0,3
35950.0,3
35960.0,3
35970.0,3
35980.0,3
35990.0,3
36000.0,3
36010.0,3
36020.0,3
36030.0,4
36040.0,3
36050.0,3
36060.0,3
36070.0,3
36080.0,3
36090.0,3
36100.0,3
36110.0,3
36120.0,3
36130.0,3
36140.0,3
36150.0,3
36160.0,4
36170.0,3
36180.0,3
36190.0,3
36200.0,3
36210.0,3
36220.0,3
36230.0,3
36240.0,3
36250.0,3
36260.0,3
36270.0,3
36280.0,3
36290.0,3
36300.0,3
36310.0,3
36320.0,3
36330.0,4
36340.0,3
36350.0,3
36360.0,3
36370.0,3
36380.0,3
36390.0,3
36400.0,3
36410.0,3
36420.0,3
36430.0,3
36440.0,3
36450.0,3
36460.0,3
36470.0,3
36480.0,3
36490.0,3
36500.0,3
36510.0,3
36520.0,3
36530.0,3
36540.0,3
36550.0,2
36560.0,3
36570.0,4
36580.0,3
36590.0,3
36600.0,3
36610.0,3
36620.0,3
36630.0,3
36640.0,3
36650.0,3
36660.0,3
36670.0,3
36680.0,3
36690.0,3
36700.0,3
36710.0,3
36720.0,3
36730.0,3
36740.0,3
36750.0,3
36760.0,3
36770.0,3
36780.0,3
36790.0,3
36800.0,3
36810.0,3
36820.0,4
36830.0,3
36840.0,3
36850.0,3
36860.0,3
36870.0,3
36880.0,3
36890.0,3
36900.0,3
36910.0,3
36920.0,3
36930.0,3
36940.0,3
36950.0,3
36960.0,3
36970.0,3
36980.0,3
36990.0,3
37000.0,3
37010.0,3
37020.0,3
37030.0,3
37040.0,3
37050.0,3
37060.0,3
37070.0,3
37080.0,3
37090.0,3
37100.0,3
37110.0,4
37120.0,3
37130.0,3
37140.0,3
37150.0,3
37160.0,3
37170.0,3
37180.0,3
37190.0,3
37200.0,3
37210.0,3
37220.0,3
37230.0,3
37240.0,3
37250.0,3
37260.0,3
37270.0,3
37280.0,3
37290.0,3
37300.0,3
37310.0,3
37320.0,3
37330.0,3
37340.0,3
37350.0,3
37360.0,3
37370.0,3
37380.0,4
37390.0,3
37400.0,3
37410.0,3
37420.0,3
37430.0,3
37440.0,3
37450.0,3
37460.0,3
37470.0,3
37480.0,3
37490.0,3
37500.0,3
37510.0,3
37520.0,3
37530.0,3
37540.0,3
37550.0,3
37560.0,3
37570.0,3
37580.0,3
37590.0,3
37600.0,3
37610.0,3
37620.0,3
37630.0,3
37640.0,3
37650.0,3
37660.0,3
37670.0,3
37680.0,3
37690.0,3
37700.0,3
37710.0,3
37720.0,3
37730.0,3
37740.0,3
37750.0,3
37760.0,3
37770.0,3
37780.0,3
37790.0,3
37800.0,3
37810.0,3
37820.0,3
37830.0,3
37840.0,3
37850.0,3
37860.0,3
37870.0,3
37880.0,3
37890.0,3
37900.0,3
37910.0,3
37920.0,3
37930.0,3
37940.0,4
37950.0,3
37960.0,3
37970.0,3
37980.0,3
37990.0,3
38000.0,3
38010.0,3
38020.0,3
38030.0,3
38040.0,3
38050.0,3
38060.0,3
38070.0,3
38080.0,3
38090.0,3
38100.0,3
38110.0,3
38120.0,4
38130.0,3
38140.0,3
38150.0,3
38160.0,3
38170.0,3
38180.0,3
38190.0,3
38200.0,3
38210.0,3
38220.0,3
38230.0,3
38240.0,3
38250.0,3
38260.0,3
38270.0,3
38280.0,3
38290.0,3
38300.0,3
38310.0,3
38320.0,3
38330.0,3
38340.0,3
38350.0,3
38360.0,3
38370.0,3
38380.0,3
38390.0,3
38400.0,3
38410.0,3
38420.0,3
38430.0,3
38440.0,3
38450.0,3
38460.0,3
38470.0,3
38480.0,3
38490.0,3
38500.0,3
38510.0,3
38520.0,3
38530.0,3
38540.0,3
38550.0,3
38560.0,3
38570.0,3
38580.0,3
38590.0,3
38600.0,3
38610.0,3
38620.0,3
38630.0,3
38640.0,3
38650.0,3
38660.0,3
38670.0,3
38680.0,3
38690.0,3
38700.0,3
38710.0,3
38720.0,3
38730.0,3
38740.0,3
38750.0,3
38760.0,3
38770.0,3
38780.0,3
38790.0,3
38800.0,3
38810.0,3
38820.0,3
38830.0,3
38840.0,3
38850.0,3
38860.0,3
38870.0,3
38880.0,3
38890.0,4
38900.0,3
38910.0,3
38920.0,3
38930.0,3
38940.0,3
38950.0,3
38960.0,3
38970.0,3
38980.0,3
38990.0,3
39000.0,3
39010.0,3
39020.0,4
39030.0,3
39040.0,3
39050.0,3
39060.0,4
39070.0,3
39080.0,3
39090.0,3
39100.0,4
39110.0,3
39120.0,3
39130.0,3
39140.0,3
39150.0,4
39160.0,3
39170.0,4
39180.0,3
39190.0,3
39200.0,3
39210.0,3
39220.0,4
39230.0,3
39240.0,3
39250.0,3
39260.0,3
39270.0,4
39280.0,3
39290.0,3
39300.0,3
39310.0,3
39320.0,3
39330.0,3
39340.0,3
39350.0,3
39360.0,3
39370.0,3
39380.0,3
39390.0,4
39400.0,3
39410.0,3
39420.0,3
39430.0,3
39440.0,3
39450.0,3
39460.0,3
39470.0,3
39480.0,3
39490.0,3
39500.0,3
39510.0,3
39520.0,3
39530.0,3
39540.0,3
39550.0,4
39560.0,3
39570.0,3
39580.0,3
39590.0,3
39600.0,3
39610.0,3
39620.0,3
39630.0,3
39640.0,3
39650.0,3
39660.0,3
39670.0,3
39680.0,3
39690.0,3
39700.0,3
39710.0,4
39720.0,3
39730.0,3
39740.0,4
39750.0,3
39760.0,3
39770.0,3
39780.0,3
39790.0,3
39800.0,4
39810.0,3
39820.0,3
39830.0,3
39840.0,3
39850.0,3
39860.0,3
39870.0,3
39880.0,3
39890.0,3
39900.0,3
39910.0,3
39920.0,3
39930.0,3
39940.0,3
39950.0,3
39960.0,3
39970.0,2
39980.0,3
39990.0,3
40000.0,3
40010.0,3
40020.0,3
40030.0,2
40040.0,3
40050.0,3
40060.0,3
40070.0,3
40080.0,4
40090.0,3
40100.0,3
40110.0,3
40120.0,3
40130.0,3
40140.0,3
40150.0,3
40160.0,4
40170.0,3
40180.0,3
40190.0,3
40200.0,3
40210.0,3
40220.0,3
40230.0,3
40240.0,3
40250.0,3
40260.0,3
40270.0,3
40280.0,3
40290.0,3
40300.0,3
40310.0,3
40320.0,3
40330.0,3
40340.0,4
40350.0,4
40360.0,3
40370.0,4
40380.0,4
40390.0,3
40400.0,3
40410.0,4
40420.0,4
40430.0,3
40440.0,3
40450.0,3
40460.0,3
40470.0,3
40480.0,3
40490.0,3
40500.0,4
40510.0,3
40520.0,4
40530.0,3
40540.0,3
40550.0,3
40560.0,4
40570.0,3
40580.0,3
40590.0,3
40600.0,3
40610.0,3
40620.0,3
40630.0,3
40640.0,3
40650.0,3
40660.0,3
40670.0,3
40680.0,3
40690.0,3
40700.0,3
40710.0,3
40720.0,3
40730.0,3
40740.0,3
40750.0,3
40760.0,4
40770.0,3
40780.0,3
40790.0,3
40800.0,3
40810.0,3
40820.0,3
40830.0,3
40840.0,3
40850.0,3
40860.0,3
40870.0,4
40880.0,3
40890.0,4
40900.0,3
40910.0,3
40920.0,3
40930.0,3
40940.0,3
40950.0,3
40960.0,3
40970.0,3
40980.0,4
40990.0,3
41000.0,3
41010.0,3
41020.0,3
41030.0,3
41040.0,3
41050.0,3
41060.0,3
41070.0,4
41080.0,3
41090.0,3
41100.0,3
41110.0,3
41120.0,3
41130.0,3
41140.0,3
41150.0,3
41160.0,3
41170.0,3
41180.0,4
41190.0,4
41200.0,3
41210.0,3
41220.0,4
41230.0,3
41240.0,3
41250.0,3
41260.0,3
41270.0,3
41280.0,3
41290.0,3
41300.0,3
41310.0,3
41320.0,3
41330.0,4
41340.0,3
41350.0,3
41360.0,3
41370.0,3
41380.0,3
41390.0,3
41400.0,3
41410.0,3
41420.0,3
41430.0,3
41440.0,3
41450.0,4
41460.0,4
41470.0,3
41480.0,3
41490.0,3
41500.0,3
41510.0,3
41520.0,3
41530.0,3
41540.0,4
41550.0,3
41560.0,2
41570.0,3
41580.0,3
41590.0,3
41600.0,3
41610.0,3
41620.0,3
41630.0,3
41640.0,3
41650.0,3
41660.0,3
41670.0,3
41680.0,3
41690.0,3
41700.0,4
41710.0,3
41720.0,3
41730.0,3
41740.0,3
41750.0,3
41760.0,2
41770.0,3
41780.0,3
41790.0,3
41800.0,4
41810.0,3
41820.0,4
41830.0,3
41840.0,3
41850.0,3
41860.0,3
41870.0,3
41880.0,3
41890.0,3
41900.0,3
41910.0,3
41920.0,3
41930.0,4
41940.0,3
41950.0,3
41960.0,3
41970.0,4
41980.0,3
41990.0,3
42000.0,3
42010.0,3
42020.0,3
42030.0,3
42040.0,3
42050.0,4
42060.0,3
42070.0,3
42080.0,3
42090.0,3
42100.0,3
42110.0,3
42120.0,3
42130.0,3
42140.0,3
42150.0,4
42160.0,3
42170.0,3
42180.0,3
42190.0,3
42200.0,3
42210.0,3
42220.0,3
42230.0,3
42240.0,3
42250.0,3
42260.0,3
42270.0,3
42280.0,3
42290.0,3
42300.0,3
42310.0,3
42320.0,3
42330.0,3
42340.0,3
42350.0,3
42360.0,3
42370.0,3
42380.0,4
42390.0,4
42400.0,3
42410.0,3
42420.0,3
42430.0,3
42440.0,3
42450.0,3
42460.0,3
42470.0,3
42480.0,3
42490.0,3
42500.0,3
42510.0,3
42520.0,4
42530.0,4
42540.0,3
42550.0,3
42560.0,3
42570.0,3
42580.0,3
42590.0,3
42600.0,3
42610.0,3
42620.0,3
42630.0,3
42640.0,3
42650.0,3
42660.0,3
42670.0,3
42680.0,4
42690.0,3
42700.0,2
42710.0,4
42720.0,3
42730.0,3
42740.0,3
42750.0,3
42760.0,3
42770.0,3
42780.0,3
42790.0,3
42800.0,3
42810.0,3
42820.0,3
42830.0,3
42840.0,3
42850.0,3
42860.0,3
42870.0,3
42880.0,3
42890.0,3
42900.0,3
42910.0,3
42920.0,3
42930.0,3
42940.0,3
42950.0,3
42960.0,3
42970.0,3
42980.0,3
42990.0,3
43000.0,3
43010.0,3
43020.0,3
43030.0,3
43040.0,4
43050.0,3
43060.0,3
43070.0,3
43080.0,3
43090.0,3
43100.0,3
43110.0,3
43120.0,4
43130.0,3
43140.0,4
43150.0,3
43160.0,3
43170.0,3
43180.0,3
43190.0,3
43200.0,3
43210.0,3
43220.0,3
43230.0,4
43240.0,3
43250.0,3
43260.0,3
43270.0,3
43280.0,3
43290.0,3
43300.0,4
43310.0,4
43320.0,2
43330.0,3
43340.0,3
43350.0,3
43360.0,3
43370.0,3
43380.0,3
43390.0,3
43400.0,3
43410.0,3
43420.0,3
43430.0,3
43440.0,3
43450.0,4
43460.0,4
43470.0,3
43480.0,3
43490.0,3
43500.0,3
43510.0,3
43520.0,3
43530.0,4
43540.0,4
43550.0,3
43560.0,3
43570.0,3
43580.0,3
43590.0,4
43600.0,3
43610.0,4
43620.0,3
43630.0,3
43640.0,3
43650.0,3
43660.0,3
43670.0,3
43680.0,4
43690.0,4
43700.0,3
43710.0,3
43720.0,3
43730.0,4
43740.0,3
43750.0,3
43760.0,3
43770.0,3
43780.0,4
43790.0,3
43800.0,3
43810.0,4
43820.0,3
43830.0,3
43840.0,3
43850.0,4
43860.0,3
43870.0,4
43880.0,3
43890.0,3
43900.0,4
43910.0,3
43920.0,3
43930.0,3
43940.0,4
43950.0,4
43960.0,4
43970.0,3
43980.0,4
43990.0,4
44000.0,3
44010.0,3
44020.0,3
44030.0,3
44040.0,3
44050.0,3
44060.0,3
44070.0,3
44080.0,3
44090.0,3
44100.0,3
44110.0,3
44120.0,4
44130.0,3
44140.0,3
44150.0,3
44160.0,3
44170.0,3
44180.0,3
44190.0,3
44200.0,3
44210.0,4
44220.0,4
44230.0,4
44240.0,4
44250.0,4
44260.0,4
44270.0,4
44280.0,4
44290.0,3
44300.0,4
44310.0,3
44320.0,3
44330.0,3
44340.0,3
44350.0,4
44360.0,4
44370.0,3
44380.0,3
44390.0,4
44400.0,4
44410.0,4
44420.0,4
44430.0,4
44440.0,4
44450.0,4
44460.0,4
44470.0,4
44480.0,3
44490.0,4
44500.0,3
44510.0,4
44520.0,4
44530.0,3
44540.0,4
44550.0,4
44560.0,3
44570.0,3
44580.0,4
44590.0,4
44600.0,4
44610.0,3
44620.0,4
44630.0,3
44640.0,3
44650.0,4
44660.0,4
44670.0,4
44680.0,4
44690.0,4
44700.0,4
44710.0,4
44720.0,4
44730.0,4
44740.0,4
44750.0,3
44760.0,4
44770.0,3
44780.0,4
44790.0,4
44800.0,4
44810.0,4
44820.0,4
44830.0,3
44840.0,4
44850.0,3
44860.0,4
44870.0,4
44880.0,4
44890.0,4
44900.0,3
44910.0,4
44920.0,4
44930.0,4
44940.0,3
44950.0,3
44960.0,3
44970.0,4
44980.0,4
44990.0,3
45000.0,4
45010.0,3
45020.0,3
45030.0,4
45040.0,4
45050.0,4
45060.0,4
45070.0,3
45080.0,3
45090.0,3
45100.0,4
45110.0,3
45120.0,3
45130.0,4
45140.0,3
45150.0,3
45160.0,3
45170.0,4
45180.0,3
45190.0,3
45200.0,4
45210.0,3
45220.0,3
45230.0,3
45240.0,3
45250.0,3
45260.0,3
45270.0,3
45280.0,4
45290.0,3
45300.0,4
45310.0,3
45320.0,3
45330.0,4
45340.0,3
45350.0,3
45360.0,3
45370.0,3
45380.0,4
45390.0,4
45400.0,3
45410.0,4
45420.0,3
45430.0,3
45440.0,4
45450.0,3
45460.0,4
45470.0,3
45480.0,3
45490.0,3
45500.0,3
45510.0,3
45520.0,4
45530.0,3
45540.0,3
45550.0,3
45560.0,3
45570.0,3
45580.0,4
45590.0,4
45600.0,3
45610.0,4
45620.0,3
45630.0,4
45640.0,3
45650.0,4
45660.0,3
45670.0,3
45680.0,3
45690.0,4
45700.0,3
45710.0,4
45720.0,4
45730.0,4
45740.0,4
45750.0,4
45760.0,2
45770.0,4
45780.0,3
45790.0,4
45800.0,4
45810.0,3
45820.0,3
45830.0,4
45840.0,4
45850.0,4
45860.0,3
45870.0,4
45880.0,3
45890.0,4
45900.0,3
45910.0,4
45920.0,3
45930.0,3
45940.0,4
45950.0,4
45960.0,3
45970.0,3
45980.0,4
45990.0,4
46000.0,3
46010.0,3
46020.0,3
46030.0,3
46040.0,3
46050.0,3
46060.0,4
46070.0,2
46080.0,4
46090.0,3
46100.0,3
46110.0,3
46120.0,3
46130.0,3
46140.0,3
46150.0,3
46160.0,3
46170.0,3
46180.0,4
46190.0,3
46200.0,4
46210.0,4
46220.0,3
46230.0,2
46240.0,4
46250.0,4
46260.0,3
46270.0,3
46280.0,3
46290.0,4
46300.0,3
46310.0,4
46320.0,3
46330.0,3
46340.0,3
46350.0,3
46360.0,3
46370.0,4
46380.0,3
46390.0,3
46400.0,3
46410.0,3
46420.0,3
46430.0,3
46440.0,3
46450.0,3
46460.0,4
46470.0,4
46480.0,3
46490.0,4
46500.0,4
46510.0,4
46520.0,3
46530.0,3
46540.0,3
46550.0,3
46560.0,3
46570.0,4
46580.0,3
46590.0,3
46600.0,3
46610.0,3
46620.0,3
46630.0,4
46640.0,4
46650.0,3
46660.0,3
46670.0,4
46680.0,4
46690.0,4
46700.0,3
46710.0,3
46720.0,3
46730.0,3
46740.0,4
46750.0,3
46760.0,3
46770.0,3
46780.0,3
46790.0,3
46800.0,3
46810.0,3
46820.0,3
46830.0,3
46840.0,3
46850.0,3
46860.0,3
46870.0,3
46880.0,3
46890.0,4
46900.0,3
46910.0,3
46920.0,3
46930.0,3
46940.0,3
46950.0,3
46960.0,3
46970.0,3
46980.0,3
46990.0,3
47000.0,3
47010.0,3
47020.0,3
47030.0,4
47040.0,3
47050.0,3
47060.0,3
47070.0,3
47080.0,3
47090.0,4
47100.0,4
47110.0,4
47120.0,3
47130.0,3
47140.0,4
47150.0,3
47160.0,3
47170.0,3
47180.0,4
47190.0,3
47200.0,3
47210.0,3
47220.0,3
47230.0,3
47240.0,3
47250.0,4
47260.0,3
47270.0,4
47280.0,4
47290.0,3
47300.0,3
47310.0,3
47320.0,3
47330.0,3
47340.0,3
47350.0,3
47360.0,3
47370.0,3
47380.0,3
47390.0,3
47400.0,3
47410.0,4
47420.0,3
47430.0,3
47440.0,4
47450.0,4
47460.0,3
47470.0,3
47480.0,3
47490.0,4
47500.0,3
47510.0,3
47520.0,3
47530.0,3
47540.0,4
47550.0,4
47560.0,4
47570.0,4
47580.0,4
47590.0,4
47600.0,3
47610.0,4
47620.0,4
47630.0,3
47640.0,3
47650.0,3
47660.0,4
47670.0,4
47680.0,3
47690.0,3
47700.0,4
47710.0,3
47720.0,3
47730.0,3
47740.0,3
47750.0,3
47760.0,3
47770.0,3
47780.0,4
47790.0,3
47800.0,4
47810.0,3
47820.0,3
47830.0,4
47840.0,4
47850.0,3
47860.0,3
47870.0,3
47880.0,4
47890.0,4
47900.0,3
47910.0,3
47920.0,3
47930.0,3
47940.0,4
47950.0,3
47960.0,4
47970.0,4
47980.0,3
47990.0,4
48000.0,3
48010.0,4
48020.0,3
48030.0,3
48040.0,3
48050.0,3
48060.0,3
48070.0,3
48080.0,3
48090.0,3
48100.0,4
48110.0,3
48120.0,3
48130.0,3
48140.0,4
48150.0,3
48160.0,3
48170.0,4
48180.0,3
48190.0,3
48200.0,3
48210.0,3
48220.0,3
48230.0,3
48240.0,3
48250.0,3
48260.0,4
48270.0,3
48280.0,3
48290.0,3
48300.0,4
48310.0,3
48320.0,3
48330.0,3
48340.0,3
48350.0,3
48360.0,4
48370.0,3
48380.0,3
48390.0,3
48400.0,3
48410.0,2
48420.0,3
48430.0,3
48440.0,3
48450.0,4
48460.0,4
48470.0,4
48480.0,3
48490.0,4
48500.0,3
48510.0,3
48520.0,3
48530.0,3
48540.0,3
48550.0,3
48560.0,3
48570.0,3
48580.0,3
48590.0,3
48600.0,3
48610.0,3
48620.0,4
48630.0,3
48640.0,4
48650.0,4
48660.0,3
48670.0,3
48680.0,3
48690.0,4
48700.0,4
48710.0,3
48720.0,3
48730.0,3
48740.0,4
48750.0,4
48760.0,3
48770.0,4
48780.0,3
48790.0,4
48800.0,3
48810.0,4
48820.0,4
48830.0,3
48840.0,3
48850.0,3
48860.0,4
48870.0,4
48880.0,4
48890.0,4
48900.0,4
48910.0,4
48920.0,4
48930.0,4
48940.0,3
48950.0,4
48960.0,4
48970.0,3
48980.0,3
48990.0,3
49000.0,3
49010.0,3
49020.0,3
49030.0,3
49040.0,3
49050.0,3
49060.0,3
49070.0,4
49080.0,4
49090.0,3
49100.0,4
49110.0,3
49120.0,3
49130.0,3
49140.0,3
49150.0,3
49160.0,4
49170.0,3
49180.0,3
49190.0,3
49200.0,4
49210.0,4
49220.0,4
49230.0,3
49240.0,4
49250.0,4
49260.0,4
49270.0,4
49280.0,4
49290.0,3
49300.0,3
49310.0,3
49320.0,3
49330.0,4
49340.0,3
49350.0,4
49360.0,3
49370.0,3
49380.0,3
49390.0,3
49400.0,3
49410.0,4
49420.0,3
49430.0,4
49440.0,3
49450.0,3
49460.0,3
49470.0,4
49480.0,3
49490.0,3
49500.0,3
49510.0,3
49520.0,3
49530.0,3
49540.0,3
49550.0,3
49560.0,4
49570.0,3
49580.0,3
49590.0,3
49600.0,3
49610.0,3
49620.0,3
49630.0,3
49640.0,3
49650.0,3
49660.0,3
49670.0,4
49680.0,3
49690.0,4
49700.0,4
49710.0,3
49720.0,4
49730.0,3
49740.0,3
49750.0,4
49760.0,3
49770.0,3
49780.0,3
49790.0,3
49800.0,3
49810.0,3
49820.0,3
49830.0,3
49840.0,3
49850.0,3
49860.0,3
49870.0,3
49880.0,3
49890.0,3
49900.0,4
49910.0,3
49920.0,3
49930.0,3
49940.0,3
49950.0,3
49960.0,3
49970.0,3
49980.0,4
49990.0,3
50000.0,3
50010.0,3
50020.0,3
50030.0,4
50040.0,3
50050.0,3
50060.0,3
50070.0,3
50080.0,3
50090.0,3
50100.0,3
50110.0,3
50120.0,3
50130.0,3
50140.0,3
50150.0,4
50160.0,3
50170.0,3
50180.0,3
50190.0,3
50200.0,3
50210.0,3
50220.0,3
50230.0,3
50240.0,3
50250.0,4
50260.0,3
50270.0,3
50280.0,3
50290.0,3
50300.0,3
50310.0,3
50320.0,3
50330.0,3
50340.0,4
50350.0,3
50360.0,3
50370.0,3
50380.0,3
50390.0,2
50400.0,4
50410.0,3
50420.0,3
50430.0,3
50440.0,3
50450.0,3
50460.0,3
50470.0,4
50480.0,3
50490.0,4
50500.0,3
50510.0,3
50520.0,3
50530.0,3
50540.0,3
50550.0,3
50560.0,3
50570.0,3
50580.0,3
50590.0,3
50600.0,3
50610.0,3
50620.0,3
50630.0,3
50640.0,3
50650.0,3
50660.0,3
50670.0,3
50680.0,3
50690.0,3
50700.0,3
50710.0,3
50720.0,3
50730.0,3
50740.0,3
50750.0,3
50760.0,3
50770.0,3
50780.0,3
50790.0,3
50800.0,3
50810.0,3
50820.0,3
50830.0,3
50840.0,3
50850.0,3
50860.0,3
50870.0,3
50880.0,3
50890.0,3
50900.0,3
50910.0,3
50920.0,3
50930.0,3
50940.0,3
50950.0,2
50960.0,3
50970.0,3
50980.0,3
50990.0,3
51000.0,3
51010.0,3
51020.0,3
51030.0,3
51040.0,3
51050.0,3
51060.0,3
51070.0,3
51080.0,3
51090.0,3
51100.0,3
51110.0,3
51120.0,3
51130.0,3
51140.0,3
51150.0,3
51160.0,3
51170.0,3
51180.0,3
51190.0,3
51200.0,3
51210.0,3
51220.0,3
51230.0,3
51240.0,3
51250.0,3
51260.0,3
51270.0,3
51280.0,2
51290.0,3
51300.0,3
51310.0,2
51320.0,3
51330.0,3
51340.0,3
51350.0,3
51360.0,3
51370.0,3
51380.0,3
51390.0,4
51400.0,3
51410.0,3
51420.0,3
51430.0,3
51440.0,3
51450.0,3
51460.0,3
51470.0,3
51480.0,3
51490.0,3
51500.0,3
51510.0,3
51520.0,3
51530.0,3
51540.0,3
51550.0,3
51560.0,3
51570.0,3
51580.0,3
51590.0,3
51600.0,2
51610.0,3
51620.0,3
51630.0,3
51640.0,3
51650.0,3
51660.0,3
51670.0,3
51680.0,3
51690.0,3
51700.0,3
51710.0,3
51720.0,3
51730.0,3
51740.0,3
51750.0,3
51760.0,3
51770.0,3
51780.0,3
51790.0,3
51800.0,3
51810.0,3
51820.0,3
51830.0,2
51840.0,3
51850.0,3
51860.0,3
51870.0,3
51880.0,3
51890.0,3
51900.0,3
51910.0,3
51920.0,3
51930.0,3
51940.0,3
51950.0,3
51960.0,3
51970.0,3
51980.0,3
51990.0,3
52000.0,3
52010.0,3
52020.0,3
52030.0,3
52040.0,3
52050.0,3
52060.0,3
52070.0,3
52080.0,3
52090.0,3
52100.0,3
52110.0,3
52120.0,3
52130.0,3
52140.0,3
52150.0,3
52160.0,4
52170.0,3
52180.0,3
52190.0,3
52200.0,3
52210.0,3
52220.0,3
52230.0,3
52240.0,2
52250.0,3
52260.0,3
52270.0,3
52280.0,3
52290.0,3
52300.0,3
52310.0,3
52320.0,3
52330.0,3
52340.0,3
52350.0,3
52360.0,3
52370.0,3
52380.0,3
52390.0,3
52400.0,3
52410.0,4
52420.0,3
52430.0,3
52440.0,3
52450.0,3
52460.0,3
52470.0,3
52480.0,4
52490.0,3
52500.0,3
52510.0,3
52520.0,3
52530.0,3
52540.0,3
52550.0,3
52560.0,3
52570.0,3
52580.0,3
52590.0,3
52600.0,3
52610.0,3
52620.0,3
52630.0,3
52640.0,3
52650.0,3
52660.0,2
52670.0,3
52680.0,3
52690.0,3
52700.0,3
52710.0,3
52720.0,3
52730.0,3
52740.0,3
52750.0,3
52760.0,3
52770.0,3
52780.0,3
52790.0,3
52800.0,3
52810.0,3
52820.0,3
52830.0,3
52840.0,3
52850.0,3
52860.0,3
52870.0,3
52880.0,3
52890.0,3
52900.0,3
52910.0,3
52920.0,3
52930.0,3
52940.0,3
52950.0,3
52960.0,3
52970.0,3
52980.0,4
52990.0,3
53000.0,3
53010.0,3
53020.0,3
53030.0,3
53040.0,3
53050.0,3
53060.0,4
53070.0,3
53080.0,3
53090.0,3
53100.0,3
53110.0,3
53120.0,3
53130.0,4
53140.0,3
53150.0,4
53160.0,4
53170.0,3
53180.0,4
53190.0,3
53200.0,3
53210.0,3
53220.0,3
53230.0,3
53240.0,3
53250.0,4
53260.0,3
53270.0,3
53280.0,3
53290.0,3
53300.0,3
53310.0,4
53320.0,3
53330.0,3
53340.0,3
53350.0,3
53360.0,3
53370.0,3
53380.0,3
53390.0,3
53400.0,3
53410.0,3
53420.0,3
53430.0,3
53440.0,3
53450.0,3
53460.0,3
53470.0,3
53480.0,3
53490.0,3
53500.0,3
53510.0,3
53520.0,3
53530.0,3
53540.0,3
53550.0,3
53560.0,4
53570.0,3
53580.0,4
53590.0,4
53600.0,3
53610.0,3
53620.0,4
53630.0,3
53640.0,3
53650.0,3
53660.0,3
53670.0,3
53680.0,3
53690.0,3
53700.0,3
53710.0,3
53720.0,3
53730.0,3
53740.0,3
53750.0,3
53760.0,3
53770.0,4
53780.0,2
53790.0,3
53800.0,3
53810.0,3
53820.0,3
53830.0,4
53840.0,3
53850.0,3
53860.0,3
53870.0,3
53880.0,3
53890.0,3
53900.0,3
53910.0,3
53920.0,3
53930.0,3
53940.0,3
53950.0,3
53960.0,3
53970.0,3
53980.0,3
53990.0,3
54000.0,3
54010.0,4
54020.0,3
54030.0,3
54040.0,3
54050.0,3
54060.0,3
54070.0,3
54080.0,3
54090.0,3
54100.0,3
54110.0,3
54120.0,3
54130.0,3
54140.0,3
54150.0,3
54160.0,3
54170.0,3
54180.0,3
54190.0,3
54200.0,3
54210.0,2
54220.0,3
54230.0,3
54240.0,3
54250.0,3
54260.0,3
54270.0,3
54280.0,3
54290.0,3
54300.0,3
54310.0,3
54320.0,2
54330.0,3
54340.0,3
54350.0,3
54360.0,3
54370.0,3
54380.0,4
54390.0,3
54400.0,3
54410.0,2
54420.0,3
54430.0,3
54440.0,3
54450.0,4
54460.0,3
54470.0,3
54480.0,3
54490.0,3
54500.0,3
54510.0,3
54520.0,3
54530.0,3
54540.0,3
54550.0,3
54560.0,3
54570.0,3
54580.0,3
54590.0,3
54600.0,3
54610.0,3
54620.0,3
54630.0,3
54640.0,3
54650.0,3
54660.0,3
54670.0,3
54680.0,3
54690.0,3
54700.0,3
54710.0,3
54720.0,3
54730.0,3
54740.0,3
54750.0,3
54760.0,3
54770.0,3
54780.0,3
54790.0,3
54800.0,3
54810.0,3
54820.0,3
54830.0,3
54840.0,3
54850.0,3
54860.0,3
54870.0,3
54880.0,3
54890.0,3
54900.0,3
54910.0,3
54920.0,3
54930.0,3
54940.0,3
54950.0,3
54960.0,3
54970.0,3
54980.0,2
54990.0,3
55000.0,3
55010.0,3
55020.0,3
55030.0,3
55040.0,3
55050.0,3
55060.0,3
55070.0,3
55080.0,3
55090.0,4
55100.0,3
55110.0,3
55120.0,3
55130.0,3
55140.0,3
55150.0,3
55160.0,3
55170.0,3
55180.0,3
55190.0,3
55200.0,3
55210.0,3
55220.0,3
55230.0,3
55240.0,4
55250.0,3
55260.0,3
55270.0,3
55280.0,4
55290.0,3
55300.0,3
55310.0,3
55320.0,3
55330.0,3
55340.0,3
55350.0,3
55360.0,4
55370.0,3
55380.0,3
55390.0,3
55400.0,3
55410.0,3
55420.0,3
55430.0,3
55440.0,3
55450.0,3
55460.0,3
55470.0,3
55480.0,3
55490.0,3
55500.0,3
55510.0,3
55520.0,3
55530.0,3
55540.0,3
55550.0,3
55560.0,3
55570.0,3
55580.0,3
55590.0,3
55600.0,3
55610.0,3
55620.0,3
55630.0,3
55640.0,3
55650.0,3
55660.0,3
55670.0,4
55680.0,3
55690.0,3
55700.0,3
55710.0,3
55720.0,3
55730.0,4
55740.0,2
55750.0,3
55760.0,3
55770.0,4
55780.0,3
55790.0,3
55800.0,3
55810.0,3
55820.0,3
55830.0,3
55840.0,3
55850.0,3
55860.0,2
55870.0,3
55880.0,3
55890.0,3
55900.0,3
55910.0,3
55920.0,3
55930.0,3
55940.0,3
55950.0,3
55960.0,3
55970.0,3
55980.0,3
55990.0,3
56000.0,3
56010.0,3
56020.0,3
56030.0,3
56040.0,3
56050.0,2
56060.0,3
56070.0,3
56080.0,3
56090.0,3
56100.0,3
56110.0,3
56120.0,4
56130.0,3
56140.0,3
56150.0,3
56160.0,3
56170.0,3
56180.0,3
56190.0,4
56200.0,3
56210.0,2
56220.0,3
56230.0,3
56240.0,3
56250.0,2
56260.0,4
56270.0,3
56280.0,3
56290.0,3
56300.0,4
56310.0,3
56320.0,3
56330.0,3
56340.0,3
56350.0,4
56360.0,3
56370.0,3
56380.0,3
56390.0,3
56400.0,3
56410.0,3
56420.0,3
56430.0,3
56440.0,3
56450.0,3
56460.0,3
56470.0,3
56480.0,3
56490.0,3
56500.0,3
56510.0,4
56520.0,3
56530.0,3
56540.0,3
56550.0,3
56560.0,4
56570.0,3
56580.0,3
56590.0,4
56600.0,3
56610.0,3
56620.0,4
56630.0,3
56640.0,3
56650.0,3
56660.0,3
56670.0,3
56680.0,3
56690.0,3
56700.0,3
56710.0,4
56720.0,3
56730.0,3
56740.0,3
56750.0,3
56760.0,3
56770.0,3
56780.0,2
56790.0,3
56800.0,3
56810.0,3
56820.0,3
56830.0,3
56840.0,3
56850.0,3
56860.0,3
56870.0,3
56880.0,3
56890.0,3
56900.0,3
56910.0,3
56920.0,3
56930.0,3
56940.0,3
56950.0,4
56960.0,3
56970.0,3
56980.0,3
56990.0,3
57000.0,2
57010.0,2
57020.0,3
57030.0,3
57040.0,3
57050.0,3
57060.0,3
57070.0,4
57080.0,3
57090.0,3
57100.0,3
57110.0,4
57120.0,3
57130.0,3
57140.0,3
57150.0,3
57160.0,3
57170.0,3
57180.0,3
57190.0,3
57200.0,3
57210.0,3
57220.0,3
57230.0,3
57240.0,2
57250.0,3
57260.0,3
57270.0,3
57280.0,3
57290.0,3
57300.0,3
57310.0,3
57320.0,3
57330.0,3
57340.0,3
57350.0,3
57360.0,3
57370.0,3
57380.0,3
57390.0,4
57400.0,3
57410.0,3
57420.0,3
57430.0,3
57440.0,3
57450.0,3
57460.0,3
57470.0,2
57480.0,3
57490.0,3
57500.0,3
57510.0,2
57520.0,3
57530.0,3
57540.0,2
57550.0,3
57560.0,3
57570.0,3
57580.0,3
57590.0,3
57600.0,3
57610.0,3
57620.0,3
57630.0,3
57640.0,3
57650.0,3
57660.0,3
57670.0,3
57680.0,3
57690.0,4
57700.0,3
57710.0,3
57720.0,3
57730.0,3
57740.0,3
57750.0,3
57760.0,3
57770.0,3
57780.0,3
57790.0,3
57800.0,3
57810.0,3
57820.0,3
57830.0,3
57840.0,3
57850.0,3
57860.0,3
57870.0,3
57880.0,3
57890.0,3
57900.0,3
57910.0,3
57920.0,3
57930.0,3
57940.0,3
57950.0,3
57960.0,3
57970.0,3
57980.0,3
57990.0,3
58000.0,3
58010.0,3
58020.0,3
58030.0,3
58040.0,3
58050.0,3
58060.0,3
58070.0,3
58080.0,3
58090.0,3
58100.0,3
58110.0,3
58120.0,3
58130.0,3
58140.0,3
58150.0,3
58160.0,3
58170.0,3
58180.0,4
58190.0,3
58200.0,3
58210.0,3
58220.0,3
58230.0,2
58240.0,3
58250.0,3
58260.0,3
58270.0,3
58280.0,3
58290.0,3
58300.0,3
58310.0,3
58320.0,3
58330.0,3
58340.0,3
58350.0,3
58360.0,3
58370.0,3
58380.0,3
58390.0,3
58400.0,3
58410.0,3
58420.0,3
58430.0,3
58440.0,3
58450.0,3
58460.0,3
58470.0,3
58480.0,3
58490.0,3
58500.0,3
58510.0,3
58520.0,3
58530.0,3
58540.0,3
58550.0,3
58560.0,3
58570.0,3
58580.0,3
58590.0,3
58600.0,3
58610.0,3
58620.0,3
58630.0,3
58640.0,3
58650.0,3
58660.0,3
58670.0,3
58680.0,3
58690.0,3
58700.0,3
58710.0,3
58720.0,3
58730.0,3
58740.0,3
58750.0,3
58760.0,3
58770.0,3
58780.0,3
58790.0,3
58800.0,3
58810.0,3
58820.0,3
58830.0,3
58840.0,3
58850.0,3
58860.0,3
58870.0,3
58880.0,2
58890.0,2
58900.0,2
58910.0,2
58920.0,2
58930.0,2
58940.0,2
58950.0,2
58960.0,2
58970.0,1
58980.0,2
58990.0,2
59000.0,2
59010.0,3
59020.0,3
59030.0,3
59040.0,3
59050.0,3
59060.0,3
59070.0,3
59080.0,3
59090.0,3
59100.0,3
59110.0,3
59120.0,3
59130.0,3
59140.0,3
59150.0,3
59160.0,3
59170.0,3
59180.0,3
59190.0,3
59200.0,3
59210.0,3
59220.0,3
59230.0,3
59240.0,2
59250.0,3
59260.0,2
59270.0,3
59280.0,3
59290.0,3
59300.0,3
59310.0,3
59320.0,3
59330.0,3
59340.0,3
59350.0,3
59360.0,3
59370.0,3
59380.0,3
59390.0,3
59400.0,3
59410.0,3
59420.0,3
59430.0,3
59440.0,3
59450.0,3
59460.0,3
59470.0,3
59480.0,3
59490.0,3
59500.0,3
59510.0,3
59520.0,3
59530.0,3
59540.0,3
59550.0,3
59560.0,3
59570.0,3
59580.0,3
59590.0,3
59600.0,2
59610.0,3
59620.0,3
59630.0,3
59640.0,3
59650.0,3
59660.0,3
59670.0,3
59680.0,3
59690.0,3
59700.0,3
59710.0,3
59720.0,3
59730.0,3
59740.0,3
59750.0,3
59760.0,3
59770.0,3
59780.0,3
59790.0,3
59800.0,3
59810.0,3
59820.0,3
59830.0,3
59840.0,4
59850.0,4
59860.0,4
59870.0,3
59880.0,4
59890.0,4
59900.0,3
59910.0,3
59920.0,3
59930.0,3
59940.0,3
59950.0,3
59960.0,3
59970.0,3
59980.0,3
59990.0,3
60000.0,3
60010.0,3
60020.0,3
60030.0,3
60040.0,3
60050.0,3
60060.0,3
60070.0,3
60080.0,3
60090.0,3
60100.0,3
60110.0,3
60120.0,2
60130.0,3
60140.0,3
60150.0,2
60160.0,2
60170.0,2
60180.0,3
60190.0,3
60200.0,3
60210.0,4
60220.0,3
60230.0,3
60240.0,3
60250.0,3
60260.0,3
60270.0,3
60280.0,2
60290.0,3
60300.0,3
60310.0,3
60320.0,3
60330.0,3
60340.0,3
60350.0,3
60360.0,3
60370.0,3
60380.0,3
60390.0,3
60400.0,3
60410.0,3
60420.0,3
60430.0,3
60440.0,3
60450.0,4
60460.0,3
60470.0,3
60480.0,3
60490.0,3
60500.0,3
60510.0,3
60520.0,3
60530.0,3
60540.0,3
60550.0,3
60560.0,3
60570.0,3
60580.0,3
60590.0,4
60600.0,3
60610.0,3
60620.0,3
60630.0,3
60640.0,3
60650.0,3
60660.0,3
60670.0,3
60680.0,2
60690.0,3
60700.0,4
60710.0,3
60720.0,3
60730.0,3
60740.0,3
60750.0,2
60760.0,3
60770.0,3
60780.0,3
60790.0,3
60800.0,3
60810.0,3
60820.0,3
60830.0,3
60840.0,3
60850.0,3
60860.0,3
60870.0,3
60880.0,3
60890.0,3
60900.0,3
60910.0,3
60920.0,3
60930.0,3
60940.0,3
60950.0,3
60960.0,3
60970.0,3
60980.0,3
60990.0,3
61000.0,3
61010.0,3
61020.0,3
61030.0,3
61040.0,3
61050.0,3
61060.0,3
61070.0,3
61080.0,3
61090.0,3
61100.0,3
61110.0,3
61120.0,3
61130.0,3
61140.0,4
61150.0,3
61160.0,3
61170.0,3
61180.0,3
61190.0,3
61200.0,3
61210.0,3
61220.0,3
61230.0,4
61240.0,3
61250.0,3
61260.0,3
61270.0,3
61280.0,3
61290.0,3
61300.0,3
61310.0,3
61320.0,3
61330.0,3
61340.0,3
61350.0,4
61360.0,3
61370.0,3
61380.0,3
61390.0,3
61400.0,4
61410.0,3
61420.0,3
61430.0,3
61440.0,3
61450.0,3
61460.0,3
61470.0,3
61480.0,3
61490.0,3
61500.0,4
61510.0,3
61520.0,3
61530.0,3
61540.0,3
61550.0,3
61560.0,3
61570.0,3
61580.0,3
61590.0,3
61600.0,3
61610.0,3
61620.0,3
61630.0,3
61640.0,3
61650.0,3
61660.0,3
61670.0,3
61680.0,3
61690.0,4
61700.0,3
61710.0,3
61720.0,3
61730.0,3
61740.0,3
61750.0,3
61760.0,3
61770.0,3
61780.0,3
61790.0,3
61800.0,3
61810.0,3
61820.0,3
61830.0,3
61840.0,3
61850.0,3
61860.0,3
61870.0,3
61880.0,3
61890.0,3
61900.0,4
61910.0,3
61920.0,3
61930.0,3
61940.0,3
61950.0,3
61960.0,3
61970.0,3
61980.0,4
61990.0,3
62000.0,3
62010.0,3
62020.0,3
62030.0,3
62040.0,3
62050.0,3
62060.0,3
62070.0,3
62080.0,3
62090.0,3
62100.0,3
62110.0,3
62120.0,3
62130.0,3
62140.0,3
62150.0,3
62160.0,3
62170.0,3
62180.0,3
62190.0,3
62200.0,3
62210.0,3
62220.0,3
62230.0,3
62240.0,3
62250.0,4
62260.0,3
62270.0,3
62280.0,3
62290.0,3
62300.0,3
62310.0,3
62320.0,3
62330.0,3
62340.0,3
62350.0,3
62360.0,3
62370.0,3
62380.0,3
62390.0,3
62400.0,3
62410.0,3
62420.0,3
62430.0,3
62440.0,3
62450.0,3
62460.0,3
62470.0,3
62480.0,3
62490.0,3
62500.0,3
62510.0,3
62520.0,3
62530.0,3
62540.0,3
62550.0,3
62560.0,3
62570.0,3
62580.0,3
62590.0,3
62600.0,3
62610.0,3
62620.0,3
62630.0,3
62640.0,3
62650.0,3
62660.0,3
62670.0,3
62680.0,3
62690.0,3
62700.0,3
62710.0,3
62720.0,3
62730.0,3
62740.0,3
62750.0,3
62760.0,3
62770.0,3
62780.0,3
62790.0,3
62800.0,3
62810.0,3
62820.0,4
62830.0,3
62840.0,3
62850.0,3
62860.0,2
62870.0,2
62880.0,3
62890.0,2
62900.0,3
62910.0,3
62920.0,3
62930.0,3
62940.0,3
62950.0,3
62960.0,3
62970.0,3
62980.0,3
62990.0,3
63000.0,3
63010.0,3
63020.0,3
63030.0,3
63040.0,3
63050.0,3
63060.0,3
63070.0,3
63080.0,3
63090.0,3
63100.0,3
63110.0,3
63120.0,3
63130.0,3
63140.0,3
63150.0,3
63160.0,3
63170.0,3
63180.0,3
63190.0,2
63200.0,3
63210.0,3
63220.0,3
63230.0,3
63240.0,3
63250.0,3
63260.0,3
63270.0,3
63280.0,3
63290.0,3
63300.0,3
63310.0,3
63320.0,3
63330.0,3
63340.0,3
63350.0,2
63360.0,3
63370.0,3
63380.0,3
63390.0,3
63400.0,3
63410.0,3
63420.0,3
63430.0,3
63440.0,3
63450.0,3
63460.0,3
63470.0,3
63480.0,3
63490.0,3
63500.0,3
63510.0,3
63520.0,3
63530.0,3
63540.0,3
63550.0,3
63560.0,3
63570.0,2
63580.0,3
63590.0,3
63600.0,3
63610.0,3
63620.0,3
63630.0,3
63640.0,3
63650.0,3
63660.0,3
63670.0,3
63680.0,3
63690.0,3
63700.0,3
63710.0,3
63720.0,3
63730.0,3
63740.0,3
63750.0,3
63760.0,3
63770.0,3
63780.0,3
63790.0,3
63800.0,3
63810.0,3
63820.0,3
63830.0,3
63840.0,3
63850.0,3
63860.0,3
63870.0,3
63880.0,3
63890.0,3
63900.0,3
63910.0,3
63920.0,3
63930.0,3
63940.0,3
63950.0,3
63960.0,3
63970.0,3
63980.0,3
63990.0,3
64000.0,3
64010.0,3
64020.0,3
64030.0,4
64040.0,3
64050.0,3
64060.0,3
64070.0,3
64080.0,3
64090.0,3
64100.0,4
64110.0,3
64120.0,3
64130.0,3
64140.0,3
64150.0,3
64160.0,3
64170.0,3
64180.0,3
64190.0,3
64200.0,3
64210.0,3
64220.0,3
64230.0,3
64240.0,3
64250.0,3
64260.0,4
64270.0,3
64280.0,3
64290.0,3
64300.0,3
64310.0,3
64320.0,3
64330.0,3
64340.0,3
64350.0,3
64360.0,3
64370.0,3
64380.0,2
64390.0,3
64400.0,3
64410.0,3
64420.0,3
64430.0,3
64440.0,3
64450.0,3
64460.0,3
64470.0,3
64480.0,3
64490.0,3
64500.0,3
64510.0,3
64520.0,3
64530.0,3
64540.0,3
64550.0,3
64560.0,3
64570.0,3
64580.0,3
64590.0,3
64600.0,3
64610.0,3
64620.0,3
64630.0,3
64640.0,3
64650.0,3
64660.0,3
64670.0,3
64680.0,3
64690.0,3
64700.0,3
64710.0,3
64720.0,3
64730.0,3
64740.0,3
64750.0,3
64760.0,3
64770.0,3
64780.0,3
64790.0,3
64800.0,3
64810.0,3
64820.0,3
64830.0,3
64840.0,3
64850.0,3
64860.0,3
64870.0,3
64880.0,3
64890.0,4
64900.0,4
64910.0,3
64920.0,3
64930.0,3
64940.0,4
64950.0,3
64960.0,3
64970.0,3
64980.0,3
64990.0,3
65000.0,3
65010.0,3
65020.0,3
65030.0,3
65040.0,3
65050.0,3
65060.0,3
65070.0,3
65080.0,3
65090.0,3
65100.0,3
65110.0,3
65120.0,3
65130.0,3
65140.0,3
65150.0,3
65160.0,3
65170.0,3
65180.0,3
65190.0,3
65200.0,3
65210.0,3
65220.0,3
65230.0,3
65240.0,3
65250.0,2
65260.0,3
65270.0,3
65280.0,3
65290.0,3
65300.0,3
65310.0,3
65320.0,3
65330.0,3
65340.0,4
65350.0,3
65360.0,3
65370.0,3
65380.0,3
65390.0,4
65400.0,4
65410.0,3
65420.0,3
65430.0,3
65440.0,3
65450.0,3
65460.0,3
65470.0,3
65480.0,3
65490.0,3
65500.0,3
65510.0,2
65520.0,3
65530.0,3
65540.0,3
65550.0,3
65560.0,3
65570.0,3
65580.0,3
65590.0,3
65600.0,4
65610.0,3
65620.0,3
65630.0,3
65640.0,3
65650.0,3
65660.0,3
65670.0,3
65680.0,3
65690.0,3
65700.0,3
65710.0,3
65720.0,3
65730.0,3
65740.0,3
65750.0,3
65760.0,3
65770.0,3
65780.0,3
65790.0,4
65800.0,3
65810.0,3
65820.0,3
65830.0,3
65840.0,3
65850.0,3
65860.0,3
65870.0,3
65880.0,3
65890.0,3
65900.0,3
65910.0,3
65920.0,3
65930.0,3
65940.0,3
65950.0,3
65960.0,3
65970.0,3
65980.0,3
65990.0,3
66000.0,3
66010.0,3
66020.0,3
66030.0,3
66040.0,3
66050.0,3
66060.0,3
66070.0,3
66080.0,3
66090.0,3
66100.0,3
66110.0,2
66120.0,3
66130.0,3
66140.0,3
66150.0,3
66160.0,3
66170.0,3
66180.0,3
66190.0,3
66200.0,3
66210.0,3
66220.0,3
66230.0,3
66240.0,3
66250.0,3
66260.0,3
66270.0,3
66280.0,3
66290.0,3
66300.0,3
66310.0,3
66320.0,3
66330.0,3
66340.0,4
66350.0,3
66360.0,3
66370.0,3
66380.0,3
66390.0,3
66400.0,3
66410.0,3
66420.0,3
66430.0,3
66440.0,3
66450.0,2
66460.0,3
66470.0,3
66480.0,3
66490.0,3
66500.0,3
66510.0,3
66520.0,3
66530.0,3
66540.0,3
66550.0,3
66560.0,3
66570.0,3
66580.0,3
66590.0,3
66600.0,3
66610.0,3
66620.0,3
66630.0,3
66640.0,3
66650.0,3
66660.0,3
66670.0,3
66680.0,3
66690.0,3
66700.0,3
66710.0,3
66720.0,3
66730.0,4
66740.0,3
66750.0,2
66760.0,3
66770.0,3
66780.0,3
66790.0,3
66800.0,3
66810.0,3
66820.0,3
66830.0,3
66840.0,3
66850.0,3
66860.0,3
66870.0,3
66880.0,3
66890.0,4
66900.0,2
66910.0,3
66920.0,3
66930.0,4
66940.0,3
66950.0,3
66960.0,3
66970.0,3
66980.0,3
66990.0,3
67000.0,3
67010.0,2
67020.0,3
67030.0,3
67040.0,3
67050.0,3
67060.0,3
67070.0,3
67080.0,3
67090.0,3
67100.0,4
67110.0,3
67120.0,3
67130.0,3
67140.0,3
67150.0,3
67160.0,3
67170.0,2
67180.0,3
67190.0,3
67200.0,3
67210.0,3
67220.0,3
67230.0,3
67240.0,3
67250.0,3
67260.0,3
67270.0,3
67280.0,3
67290.0,3
67300.0,3
67310.0,3
67320.0,3
67330.0,3
67340.0,3
67350.0,3
67360.0,3
67370.0,2
67380.0,3
67390.0,3
67400.0,3
67410.0,3
67420.0,3
67430.0,3
67440.0,3
67450.0,3
67460.0,3
67470.0,3
67480.0,3
67490.0,3
67500.0,3
67510.0,3
67520.0,4
67530.0,3
67540.0,3
67550.0,3
67560.0,3
67570.0,3
67580.0,3
67590.0,3
67600.0,3
67610.0,3
67620.0,3
67630.0,3
67640.0,3
67650.0,3
67660.0,3
67670.0,3
67680.0,3
67690.0,3
67700.0,3
67710.0,3
67720.0,3
67730.0,3
67740.0,3
67750.0,3
67760.0,2
67770.0,3
67780.0,3
67790.0,3
67800.0,3
67810.0,3
67820.0,3
67830.0,3
67840.0,3
67850.0,3
67860.0,3
67870.0,3
67880.0,3
67890.0,3
67900.0,3
67910.0,3
67920.0,3
67930.0,3
67940.0,3
67950.0,3
67960.0,3
67970.0,3
67980.0,3
67990.0,3
68000.0,3
68010.0,3
68020.0,3
68030.0,3
68040.0,3
68050.0,3
68060.0,3
68070.0,3
68080.0,3
68090.0,3
68100.0,3
68110.0,3
68120.0,3
68130.0,3
68140.0,3
68150.0,3
68160.0,3
68170.0,3
68180.0,3
68190.0,3
68200.0,3
68210.0,3
68220.0,3
68230.0,3
68240.0,3
68250.0,3
68260.0,3
68270.0,3
68280.0,3
68290.0,3
68300.0,3
68310.0,3
68320.0,3
68330.0,3
68340.0,3
68350.0,3
68360.0,3
68370.0,3
68380.0,2
68390.0,3
68400.0,3
68410.0,3
68420.0,3
68430.0,3
68440.0,3
68450.0,3
68460.0,3
68470.0,3
68480.0,3
68490.0,3
68500.0,3
68510.0,3
68520.0,3
68530.0,3
68540.0,4
68550.0,3
68560.0,3
68570.0,3
68580.0,3
68590.0,3
68600.0,3
68610.0,3
68620.0,3
68630.0,3
68640.0,3
68650.0,3
68660.0,3
68670.0,3
68680.0,3
68690.0,3
68700.0,3
68710.0,3
68720.0,3
68730.0,3
68740.0,3
68750.0,3
68760.0,3
68770.0,3
68780.0,3
68790.0,3
68800.0,3
68810.0,3
68820.0,3
68830.0,3
68840.0,3
68850.0,3
68860.0,3
68870.0,3
68880.0,3
68890.0,3
68900.0,3
68910.0,3
68920.0,3
68930.0,3
68940.0,3
68950.0,3
68960.0,3
68970.0,3
68980.0,3
68990.0,3
69000.0,3
69010.0,3
69020.0,4
69030.0,3
69040.0,3
69050.0,3
69060.0,3
69070.0,3
69080.0,3
69090.0,3
69100.0,3
69110.0,3
69120.0,3
69130.0,3
69140.0,3
69150.0,3
69160.0,3
69170.0,3
69180.0,3
69190.0,3
69200.0,3
69210.0,3
69220.0,3
69230.0,3
69240.0,3
69250.0,3
69260.0,3
69270.0,3
69280.0,3
69290.0,3
69300.0,3
69310.0,3
69320.0,3
69330.0,3
69340.0,3
69350.0,3
69360.0,3
69370.0,3
69380.0,3
69390.0,3
69400.0,3
69410.0,3
69420.0,3
69430.0,3
69440.0,3
69450.0,3
69460.0,3
69470.0,3
69480.0,3
69490.0,3
69500.0,3
69510.0,4
69520.0,3
69530.0,3
69540.0,4
69550.0,3
69560.0,3
69570.0,3
69580.0,3
69590.0,3
69600.0,3
69610.0,3
69620.0,3
69630.0,4
69640.0,3
69650.0,3
69660.0,3
69670.0,3
69680.0,3
69690.0,3
69700.0,3
69710.0,3
69720.0,3
69730.0,3
69740.0,3
69750.0,3
69760.0,3
69770.0,3
69780.0,3
69790.0,3
69800.0,3
69810.0,3
69820.0,3
69830.0,3
69840.0,3
69850.0,3
69860.0,3
69870.0,3
69880.0,3
69890.0,3
69900.0,3
69910.0,3
69920.0,3
69930.0,3
69940.0,3
69950.0,3
69960.0,3
69970.0,3
69980.0,3
69990.0,3
70000.0,3
70010.0,3
70020.0,3
70030.0,3
70040.0,3
70050.0,3
70060.0,3
70070.0,3
70080.0,3
70090.0,3
70100.0,3
70110.0,3
70120.0,3
70130.0,3
70140.0,3
70150.0,3
70160.0,3
70170.0,3
70180.0,3
70190.0,3
70200.0,3
70210.0,3
70220.0,3
70230.0,3
70240.0,3
70250.0,3
70260.0,3
70270.0,3
70280.0,3
70290.0,3
70300.0,3
70310.0,3
70320.0,3
70330.0,3
70340.0,3
70350.0,3
70360.0,3
70370.0,3
70380.0,3
70390.0,3
70400.0,3
70410.0,3
70420.0,3
70430.0,3
70440.0,3
70450.0,3
70460.0,3
70470.0,3
70480.0,3
70490.0,3
70500.0,3
70510.0,3
70520.0,3
70530.0,3
70540.0,3
70550.0,3
70560.0,3
70570.0,3
70580.0,3
70590.0,3
70600.0,3
70610.0,3
70620.0,3
70630.0,3
70640.0,3
70650.0,3
70660.0,3
70670.0,3
70680.0,3
70690.0,3
70700.0,3
70710.0,3
70720.0,3
70730.0,3
70740.0,3
70750.0,3
70760.0,3
70770.0,3
70780.0,3
70790.0,3
70800.0,3
70810.0,3
70820.0,3
70830.0,3
70840.0,3
70850.0,3
70860.0,3
70870.0,3
70880.0,3
70890.0,3
70900.0,3
70910.0,3
70920.0,3
70930.0,3
70940.0,3
70950.0,3
70960.0,3
70970.0,3
70980.0,4
70990.0,3
71000.0,3
71010.0,3
71020.0,3
71030.0,3
71040.0,3
71050.0,3
71060.0,3
71070.0,3
71080.0,3
71090.0,3
71100.0,3
71110.0,3
71120.0,3
71130.0,4
71140.0,3
71150.0,3
71160.0,3
71170.0,3
71180.0,3
71190.0,3
71200.0,3
71210.0,3
71220.0,3
71230.0,3
71240.0,3
71250.0,3
71260.0,3
71270.0,2
71280.0,3
71290.0,3
71300.0,3
71310.0,4
71320.0,3
71330.0,3
71340.0,3
71350.0,3
71360.0,3
71370.0,3
71380.0,3
71390.0,3
71400.0,3
71410.0,3
71420.0,3
71430.0,3
71440.0,3
71450.0,3
71460.0,3
71470.0,3
71480.0,4
71490.0,3
71500.0,3
71510.0,3
71520.0,2
71530.0,3
71540.0,3
71550.0,3
71560.0,3
71570.0,3
71580.0,3
71590.0,3
71600.0,3
71610.0,4
71620.0,3
71630.0,3
71640.0,3
71650.0,3
71660.0,3
71670.0,3
71680.0,3
71690.0,3
71700.0,3
71710.0,3
71720.0,3
71730.0,3
71740.0,3
71750.0,3
71760.0,3
71770.0,3
71780.0,3
71790.0,3
71800.0,3
71810.0,3
71820.0,4
71830.0,3
71840.0,3
71850.0,3
71860.0,3
71870.0,3
71880.0,3
71890.0,3
71900.0,3
71910.0,3
71920.0,3
71930.0,3
71940.0,3
71950.0,3
71960.0,3
71970.0,3
71980.0,3
71990.0,3
72000.0,3
72010.0,3
72020.0,3
72030.0,3
72040.0,3
72050.0,3
72060.0,3
72070.0,3
72080.0,3
72090.0,3
72100.0,3
72110.0,3
72120.0,3
72130.0,3
72140.0,3
72150.0,3
72160.0,3
72170.0,3
72180.0,3
72190.0,3
72200.0,3
72210.0,3
72220.0,3
72230.0,3
72240.0,3
72250.0,3
72260.0,3
72270.0,3
72280.0,3
72290.0,3
72300.0,3
72310.0,3
72320.0,3
72330.0,3
72340.0,3
72350.0,3
72360.0,3
72370.0,3
72380.0,3
72390.0,3
72400.0,3
72410.0,3
72420.0,3
72430.0,3
72440.0,3
72450.0,3
72460.0,3
72470.0,3
72480.0,3
72490.0,3
72500.0,4
72510.0,3
72520.0,3
72530.0,3
72540.0,3
72550.0,3
72560.0,3
72570.0,3
72580.0,3
72590.0,3
72600.0,3
72610.0,3
72620.0,3
72630.0,3
72640.0,3
72650.0,4
72660.0,3
72670.0,3
72680.0,3
72690.0,3
72700.0,3
72710.0,3
72720.0,3
72730.0,3
72740.0,3
72750.0,3
72760.0,3
72770.0,2
72780.0,3
72790.0,3
72800.0,3
72810.0,3
72820.0,3
72830.0,3
72840.0,4
72850.0,3
72860.0,3
72870.0,3
72880.0,3
72890.0,3
72900.0,3
72910.0,3
72920.0,3
72930.0,3
72940.0,3
72950.0,3
72960.0,3
72970.0,3
72980.0,3
72990.0,3
73000.0,3
73010.0,4
73020.0,3
73030.0,3
73040.0,3
73050.0,4
73060.0,3
73070.0,3
73080.0,3
73090.0,3
73100.0,3
73110.0,3
73120.0,3
73130.0,3
73140.0,3
73150.0,3
73160.0,3
73170.0,3
73180.0,3
73190.0,3
73200.0,3
73210.0,3
73220.0,3
73230.0,3
73240.0,3
73250.0,3
73260.0,4
73270.0,3
73280.0,3
73290.0,3
73300.0,3
73310.0,3
73320.0,3
73330.0,3
73340.0,3
73350.0,3
73360.0,3
73370.0,3
73380.0,3
73390.0,3
73400.0,3
73410.0,3
73420.0,3
73430.0,3
73440.0,3
73450.0,3
73460.0,3
73470.0,3
73480.0,3
73490.0,3
73500.0,3
73510.0,3
73520.0,3
73530.0,3
73540.0,3
73550.0,3
73560.0,3
73570.0,3
73580.0,3
73590.0,3
73600.0,2
73610.0,3
73620.0,2
73630.0,3
73640.0,3
73650.0,3
73660.0,3
73670.0,3
73680.0,3
73690.0,3
73700.0,3
73710.0,3
73720.0,3
73730.0,3
73740.0,4
73750.0,3
73760.0,3
73770.0,3
73780.0,3
73790.0,3
73800.0,3
73810.0,3
73820.0,3
73830.0,3
73840.0,3
73850.0,3
73860.0,4
73870.0,3
73880.0,3
73890.0,3
73900.0,3
73910.0,3
73920.0,3
73930.0,3
73940.0,3
73950.0,3
73960.0,3
73970.0,3
73980.0,3
73990.0,2
74000.0,3
74010.0,3
74020.0,3
74030.0,3
74040.0,3
74050.0,3
74060.0,3
74070.0,3
74080.0,3
74090.0,3
74100.0,3
74110.0,3
74120.0,3
74130.0,3
74140.0,3
74150.0,3
74160.0,4
74170.0,3
74180.0,4
74190.0,4
74200.0,3
74210.0,3
74220.0,3
74230.0,3
74240.0,3
74250.0,3
74260.0,3
74270.0,3
74280.0,3
74290.0,3
74300.0,3
74310.0,3
74320.0,3
74330.0,3
74340.0,3
74350.0,3
74360.0,3
74370.0,4
74380.0,2
74390.0,3
74400.0,3
74410.0,3
74420.0,3
74430.0,3
74440.0,3
74450.0,3
74460.0,3
74470.0,3
74480.0,3
74490.0,3
74500.0,3
74510.0,3
74520.0,3
74530.0,4
74540.0,3
74550.0,3
74560.0,3
74570.0,3
74580.0,3
74590.0,3
74600.0,3
74610.0,3
74620.0,3
74630.0,3
74640.0,4
74650.0,3
74660.0,3
74670.0,3
74680.0,3
74690.0,3
74700.0,3
74710.0,3
74720.0,3
74730.0,3
74740.0,3
74750.0,3
74760.0,3
74770.0,3
74780.0,3
74790.0,3
74800.0,3
74810.0,3
74820.0,3
74830.0,3
74840.0,3
74850.0,3
74860.0,3
74870.0,3
74880.0,3
74890.0,3
74900.0,3
74910.0,3
74920.0,3
74930.0,3
74940.0,3
74950.0,3
74960.0,3
74970.0,4
74980.0,4
74990.0,3
75000.0,4
75010.0,4
75020.0,3
75030.0,3
75040.0,3
75050.0,3
75060.0,3
75070.0,3
75080.0,3
75090.0,3
75100.0,3
75110.0,3
75120.0,3
75130.0,3
75140.0,3
75150.0,3
75160.0,3
75170.0,4
75180.0,3
75190.0,3
75200.0,3
75210.0,3
75220.0,2
75230.0,3
75240.0,3
75250.0,3
75260.0,3
75270.0,3
75280.0,3
75290.0,3
75300.0,3
75310.0,3
75320.0,3
75330.0,3
75340.0,3
75350.0,3
75360.0,3
75370.0,3
75380.0,3
75390.0,3
75400.0,3
75410.0,3
75420.0,4
75430.0,3
75440.0,3
75450.0,3
75460.0,3
75470.0,3
75480.0,3
75490.0,3
75500.0,3
75510.0,3
75520.0,3
75530.0,3
75540.0,2
75550.0,4
75560.0,3
75570.0,3
75580.0,3
75590.0,3
75600.0,3
75610.0,3
75620.0,3
75630.0,3
75640.0,3
75650.0,3
75660.0,3
75670.0,3
75680.0,3
75690.0,3
75700.0,3
75710.0,3
75720.0,3
75730.0,3
75740.0,3
75750.0,3
75760.0,3
75770.0,3
75780.0,3
75790.0,3
75800.0,3
75810.0,4
75820.0,3
75830.0,3
75840.0,3
75850.0,4
75860.0,3
75870.0,3
75880.0,3
75890.0,3
75900.0,3
75910.0,3
75920.0,3
75930.0,3
75940.0,3
75950.0,3
75960.0,3
75970.0,3
75980.0,3
75990.0,3
76000.0,3
76010.0,3
76020.0,3
76030.0,3
76040.0,3
76050.0,3
76060.0,3
76070.0,3
76080.0,3
76090.0,3
76100.0,3
76110.0,3
76120.0,3
76130.0,3
76140.0,3
76150.0,3
76160.0,3
76170.0,3
76180.0,3
76190.0,3
76200.0,3
76210.0,3
76220.0,3
76230.0,3
76240.0,3
76250.0,3
76260.0,3
76270.0,3
76280.0,3
76290.0,3
76300.0,3
76310.0,4
76320.0,3
76330.0,3
76340.0,3
76350.0,3
76360.0,3
76370.0,3
76380.0,3
76390.0,3
76400.0,3
76410.0,4
76420.0,3
76430.0,3
76440.0,3
76450.0,3
76460.0,3
76470.0,3
76480.0,4
76490.0,3
76500.0,3
76510.0,3
76520.0,3
76530.0,3
76540.0,3
76550.0,3
76560.0,3
76570.0,3
76580.0,3
76590.0,3
76600.0,3
76610.0,3
76620.0,3
76630.0,3
76640.0,3
76650.0,3
76660.0,3
76670.0,3
76680.0,3
76690.0,3
76700.0,3
76710.0,3
76720.0,4
76730.0,3
76740.0,3
76750.0,3
76760.0,3
76770.0,3
76780.0,3
76790.0,3
76800.0,3
76810.0,3
76820.0,3
76830.0,3
76840.0,3
76850.0,3
76860.0,3
76870.0,3
76880.0,3
76890.0,3
76900.0,3
76910.0,3
76920.0,3
76930.0,3
76940.0,3
76950.0,3
76960.0,2
76970.0,3
76980.0,3
76990.0,3
77000.0,3
77010.0,3
77020.0,3
77030.0,3
77040.0,3
77050.0,3
77060.0,3
77070.0,3
77080.0,3
77090.0,3
77100.0,3
77110.0,3
77120.0,3
77130.0,3
77140.0,3
77150.0,3
77160.0,3
77170.0,3
77180.0,3
77190.0,3
77200.0,3
77210.0,3
77220.0,3
77230.0,4
77240.0,3
77250.0,3
77260.0,4
77270.0,3
77280.0,3
77290.0,2
77300.0,2
77310.0,3
77320.0,3
77330.0,3
77340.0,3
77350.0,3
77360.0,3
77370.0,3
77380.0,3
77390.0,3
77400.0,3
77410.0,3
77420.0,3
77430.0,3
77440.0,3
77450.0,3
77460.0,3
77470.0,3
77480.0,3
77490.0,3
77500.0,3
77510.0,4
77520.0,3
77530.0,3
77540.0,3
77550.0,4
77560.0,3
77570.0,3
77580.0,3
77590.0,3
77600.0,3
77610.0,3
77620.0,3
77630.0,3
77640.0,3
77650.0,3
77660.0,3
77670.0,3
77680.0,3
77690.0,3
77700.0,3
77710.0,3
77720.0,3
77730.0,3
77740.0,3
77750.0,3
77760.0,3
77770.0,3
77780.0,3
77790.0,3
77800.0,3
77810.0,3
77820.0,3
77830.0,3
77840.0,3
77850.0,3
77860.0,3
77870.0,3
77880.0,4
77890.0,3
77900.0,3
77910.0,3
77920.0,3
77930.0,3
77940.0,3
77950.0,3
77960.0,3
77970.0,3
77980.0,3
77990.0,3
78000.0,4
78010.0,3
78020.0,3
78030.0,3
78040.0,3
78050.0,3
78060.0,4
78070.0,4
78080.0,3
78090.0,3
78100.0,3
78110.0,3
78120.0,3
78130.0,3
78140.0,3
78150.0,3
78160.0,3
78170.0,3
78180.0,3
78190.0,3
78200.0,3
78210.0,3
78220.0,3
78230.0,3
78240.0,3
78250.0,3
78260.0,3
78270.0,3
78280.0,2
78290.0,3
78300.0,3
78310.0,3
78320.0,4
78330.0,4
78340.0,3
78350.0,4
78360.0,3
78370.0,3
78380.0,4
78390.0,3
78400.0,3
78410.0,3
78420.0,4
78430.0,3
78440.0,3
78450.0,3
78460.0,3
78470.0,3
78480.0,3
78490.0,3
78500.0,3
78510.0,3
78520.0,3
78530.0,3
78540.0,3
78550.0,3
78560.0,3
78570.0,3
78580.0,3
78590.0,3
78600.0,3
78610.0,3
78620.0,3
78630.0,4
78640.0,3
78650.0,3
78660.0,3
78670.0,4
78680.0,3
78690.0,3
78700.0,3
78710.0,2
78720.0,3
78730.0,3
78740.0,3
78750.0,3
78760.0,3
78770.0,3
78780.0,3
78790.0,3
78800.0,3
78810.0,3
78820.0,3
78830.0,3
78840.0,3
78850.0,3
78860.0,3
78870.0,3
78880.0,4
78890.0,3
78900.0,3
78910.0,3
78920.0,3
78930.0,4
78940.0,3
78950.0,3
78960.0,3
78970.0,3
78980.0,3
78990.0,4
79000.0,3
79010.0,3
79020.0,3
79030.0,3
79040.0,3
79050.0,3
79060.0,3
79070.0,3
79080.0,3
79090.0,3
79100.0,2
79110.0,3
79120.0,3
79130.0,2
79140.0,3
79150.0,3
79160.0,3
79170.0,3
79180.0,3
79190.0,3
79200.0,3
79210.0,3
79220.0,3
79230.0,3
79240.0,3
79250.0,4
79260.0,3
79270.0,3
79280.0,3
79290.0,3
79300.0,3
79310.0,3
79320.0,4
79330.0,3
79340.0,3
79350.0,3
79360.0,3
79370.0,3
79380.0,3
79390.0,3
79400.0,3
79410.0,4
79420.0,4
79430.0,3
79440.0,3
79450.0,3
79460.0,4
79470.0,4
79480.0,3
79490.0,4
79500.0,3
79510.0,4
79520.0,3
79530.0,3
79540.0,3
79550.0,3
79560.0,3
79570.0,3
79580.0,3
79590.0,3
79600.0,3
79610.0,3
79620.0,3
79630.0,3
79640.0,3
79650.0,3
79660.0,3
79670.0,3
79680.0,3
79690.0,3
79700.0,3
79710.0,3
79720.0,3
79730.0,3
79740.0,3
79750.0,3
79760.0,4
79770.0,4
79780.0,3
79790.0,3
79800.0,3
79810.0,3
79820.0,3
79830.0,3
79840.0,3
79850.0,4
79860.0,3
79870.0,3
79880.0,3
79890.0,3
79900.0,3
79910.0,3
79920.0,3
79930.0,3
79940.0,3
79950.0,3
79960.0,3
79970.0,3
79980.0,3
79990.0,3
80000.0,4
80010.0,3
80020.0,3
80030.0,4
80040.0,3
80050.0,3
80060.0,3
80070.0,3
80080.0,3
80090.0,3
80100.0,3
80110.0,3
80120.0,3
80130.0,4
80140.0,3
80150.0,4
80160.0,3
80170.0,3
80180.0,4
80190.0,3
80200.0,3
80210.0,4
80220.0,3
80230.0,3
80240.0,3
80250.0,3
80260.0,3
80270.0,3
80280.0,3
80290.0,3
80300.0,3
80310.0,4
80320.0,3
80330.0,3
80340.0,3
80350.0,3
80360.0,4
80370.0,3
80380.0,3
80390.0,3
80400.0,3
80410.0,3
80420.0,3
80430.0,3
80440.0,3
80450.0,3
80460.0,3
80470.0,3
80480.0,3
80490.0,3
80500.0,3
80510.0,3
80520.0,3
80530.0,3
80540.0,3
80550.0,3
80560.0,3
80570.0,3
80580.0,3
80590.0,3
80600.0,3
80610.0,3
80620.0,3
80630.0,3
80640.0,3
80650.0,3
80660.0,3
80670.0,3
80680.0,3
80690.0,3
80700.0,3
80710.0,3
80720.0,3
80730.0,3
80740.0,3
80750.0,3
80760.0,3
80770.0,3
80780.0,3
80790.0,3
80800.0,3
80810.0,3
80820.0,3
80830.0,3
80840.0,3
80850.0,3
80860.0,3
80870.0,3
80880.0,3
80890.0,3
80900.0,3
80910.0,4
80920.0,3
80930.0,3
80940.0,3
80950.0,3
80960.0,3
80970.0,3
80980.0,3
80990.0,3
81000.0,3
81010.0,4
81020.0,3
81030.0,4
81040.0,3
81050.0,4
81060.0,3
81070.0,3
81080.0,4
81090.0,3
81100.0,3
81110.0,3
81120.0,3
81130.0,3
81140.0,4
81150.0,3
81160.0,3
81170.0,2
81180.0,3
81190.0,3
81200.0,3
81210.0,3
81220.0,3
81230.0,3
81240.0,3
81250.0,3
81260.0,3
81270.0,3
81280.0,3
81290.0,3
81300.0,4
81310.0,3
81320.0,3
81330.0,3
81340.0,3
81350.0,3
81360.0,3
81370.0,3
81380.0,3
81390.0,3
81400.0,3
81410.0,3
81420.0,3
81430.0,4
81440.0,3
81450.0,3
81460.0,3
81470.0,3
81480.0,3
81490.0,3
81500.0,3
81510.0,3
81520.0,3
81530.0,3
81540.0,3
81550.0,4
81560.0,3
81570.0,3
81580.0,3
81590.0,3
81600.0,3
81610.0,3
81620.0,3
81630.0,3
81640.0,3
81650.0,3
81660.0,3
81670.0,4
81680.0,3
81690.0,3
81700.0,3
81710.0,3
81720.0,3
81730.0,3
81740.0,3
81750.0,3
81760.0,3
81770.0,3
81780.0,2
81790.0,3
81800.0,4
81810.0,3
81820.0,3
81830.0,4
81840.0,4
81850.0,3
81860.0,3
81870.0,3
81880.0,4
81890.0,3
81900.0,3
81910.0,3
81920.0,3
81930.0,3
81940.0,3
81950.0,3
81960.0,4
81970.0,3
81980.0,3
81990.0,3
82000.0,3
82010.0,4
82020.0,3
82030.0,3
82040.0,3
82050.0,3
82060.0,3
82070.0,3
82080.0,3
82090.0,3
82100.0,3
82110.0,3
82120.0,3
82130.0,3
82140.0,3
82150.0,4
82160.0,3
82170.0,4
82180.0,3
82190.0,4
82200.0,3
82210.0,3
82220.0,3
82230.0,3
82240.0,3
82250.0,3
82260.0,3
82270.0,4
82280.0,3
82290.0,4
82300.0,3
82310.0,4
82320.0,4
82330.0,3
82340.0,3
82350.0,3
82360.0,3
82370.0,4
82380.0,3
82390.0,3
82400.0,3
82410.0,3
82420.0,3
82430.0,3
82440.0,3
82450.0,3
82460.0,3
82470.0,4
82480.0,3
82490.0,3
82500.0,3
82510.0,3
82520.0,3
82530.0,3
82540.0,3
82550.0,3
82560.0,3
82570.0,3
82580.0,3
82590.0,3
82600.0,3
82610.0,4
82620.0,3
82630.0,3
82640.0,3
82650.0,3
82660.0,3
82670.0,3
82680.0,3
82690.0,3
82700.0,3
82710.0,3
82720.0,3
82730.0,3
82740.0,3
82750.0,3
82760.0,3
82770.0,3
82780.0,3
82790.0,4
82800.0,4
82810.0,3
82820.0,3
82830.0,4
82840.0,3
82850.0,3
82860.0,3
82870.0,3
82880.0,3
82890.0,3
82900.0,3
82910.0,3
82920.0,3
82930.0,3
82940.0,3
82950.0,3
82960.0,3
82970.0,3
82980.0,3
82990.0,3
83000.0,3
83010.0,3
83020.0,3
83030.0,3
83040.0,3
83050.0,3
83060.0,3
83070.0,3
83080.0,3
83090.0,3
83100.0,3
83110.0,3
83120.0,4
83130.0,3
83140.0,3
83150.0,3
83160.0,3
83170.0,3
83180.0,3
83190.0,3
83200.0,3
83210.0,3
83220.0,3
83230.0,4
83240.0,3
83250.0,3
83260.0,3
83270.0,3
83280.0,3
83290.0,3
83300.0,3
83310.0,3
83320.0,3
83330.0,3
83340.0,3
83350.0,3
83360.0,3
83370.0,3
83380.0,3
83390.0,3
83400.0,3
83410.0,3
83420.0,4
83430.0,3
83440.0,3
83450.0,3
83460.0,4
83470.0,3
83480.0,3
83490.0,3
83500.0,3
83510.0,3
83520.0,3
83530.0,3
83540.0,3
83550.0,3
83560.0,3
83570.0,4
83580.0,3
83590.0,4
83600.0,4
83610.0,3
83620.0,3
83630.0,3
83640.0,3
83650.0,3
83660.0,3
83670.0,3
83680.0,3
83690.0,3
83700.0,4
83710.0,3
83720.0,3
83730.0,3
83740.0,3
83750.0,3
83760.0,4
83770.0,3
83780.0,3
83790.0,3
83800.0,3
83810.0,3
83820.0,3
83830.0,3
83840.0,3
83850.0,4
83860.0,3
83870.0,3
83880.0,3
83890.0,3
83900.0,3
83910.0,3
83920.0,3
83930.0,3
83940.0,3
83950.0,3
83960.0,3
83970.0,3
83980.0,4
83990.0,3
84000.0,3
84010.0,3
84020.0,3
84030.0,3
84040.0,3
84050.0,3
84060.0,3
84070.0,3
84080.0,4
84090.0,3
84100.0,3
84110.0,3
84120.0,3
84130.0,3
84140.0,3
84150.0,3
84160.0,3
84170.0,3
84180.0,3
84190.0,3
84200.0,3
84210.0,3
84220.0,3
84230.0,3
84240.0,3
84250.0,3
84260.0,3
84270.0,3
84280.0,3
84290.0,3
84300.0,3
84310.0,3
84320.0,3
84330.0,3
84340.0,3
84350.0,3
84360.0,3
84370.0,3
84380.0,3
84390.0,3
84400.0,3
84410.0,3
84420.0,3
84430.0,3
84440.0,4
84450.0,3
84460.0,2
84470.0,3
84480.0,3
84490.0,3
84500.0,3
84510.0,3
84520.0,3
84530.0,3
84540.0,3
84550.0,3
84560.0,3
84570.0,3
84580.0,3
84590.0,3
84600.0,3
84610.0,3
84620.0,3
84630.0,3
84640.0,3
84650.0,3
84660.0,3
84670.0,3
84680.0,3
84690.0,3
84700.0,3
84710.0,3
84720.0,3
84730.0,3
84740.0,3
84750.0,3
84760.0,3
84770.0,3
84780.0,3
84790.0,2
84800.0,3
84810.0,3
84820.0,3
84830.0,3
84840.0,3
84850.0,3
84860.0,4
84870.0,3
84880.0,3
84890.0,3
84900.0,4
84910.0,3
84920.0,3
84930.0,3
84940.0,3
84950.0,3
84960.0,3
84970.0,3
84980.0,3
84990.0,3
85000.0,3
85010.0,3
85020.0,4
85030.0,3
85040.0,3
85050.0,3
85060.0,3
85070.0,3
85080.0,3
85090.0,2
85100.0,3
85110.0,3
85120.0,4
85130.0,3
85140.0,3
85150.0,3
85160.0,3
85170.0,3
85180.0,3
85190.0,3
85200.0,3
85210.0,3
85220.0,3
85230.0,3
85240.0,3
85250.0,2
85260.0,3
85270.0,3
85280.0,3
85290.0,4
85300.0,3
85310.0,3
85320.0,3
85330.0,3
85340.0,2
85350.0,3
85360.0,3
85370.0,3
85380.0,3
85390.0,3
85400.0,3
85410.0,3
85420.0,3
85430.0,3
85440.0,3
85450.0,3
85460.0,3
85470.0,3
85480.0,3
85490.0,3
85500.0,3
85510.0,3
85520.0,3
85530.0,3
85540.0,3
85550.0,2
85560.0,3
85570.0,3
85580.0,3
85590.0,3
85600.0,2
85610.0,4
85620.0,4
85630.0,3
85640.0,3
85650.0,3
85660.0,3
85670.0,3
85680.0,3
85690.0,4
85700.0,3
85710.0,3
85720.0,3
85730.0,3
85740.0,3
85750.0,3
85760.0,3
85770.0,3
85780.0,3
85790.0,3
85800.0,3
85810.0,3
85820.0,3
85830.0,3
85840.0,3
85850.0,3
85860.0,3
85870.0,3
85880.0,3
85890.0,3
85900.0,3
85910.0,3
85920.0,3
85930.0,3
85940.0,3
85950.0,3
85960.0,3
85970.0,3
85980.0,3
85990.0,3
86000.0,4
86010.0,3
86020.0,3
86030.0,2
86040.0,3
86050.0,3
86060.0,3
86070.0,3
86080.0,3
86090.0,3
86100.0,3
86110.0,3
86120.0,3
86130.0,3
86140.0,3
86150.0,3
86160.0,3
86170.0,3
86180.0,3
86190.0,3
86200.0,3
86210.0,3
86220.0,3
86230.0,2
86240.0,3
86250.0,4
86260.0,4
86270.0,4
86280.0,3
86290.0,3
86300.0,4
86310.0,3
86320.0,3
86330.0,3
86340.0,3
86350.0,3
86360.0,3
86370.0,3
86380.0,3
86390.0,4
86400.0,3
86410.0,3
86420.0,4
86430.0,4
86440.0,3
86450.0,3
86460.0,3
86470.0,3
86480.0,3
86490.0,3
86500.0,3
86510.0,3
86520.0,3
86530.0,3
86540.0,3
86550.0,3
86560.0,3
86570.0,4
86580.0,3
86590.0,4
86600.0,3
86610.0,3
86620.0,3
86630.0,3
86640.0,3
86650.0,4
86660.0,3
86670.0,3
86680.0,3
86690.0,3
86700.0,3
86710.0,3
86720.0,3
86730.0,3
86740.0,3
86750.0,3
86760.0,3
86770.0,3
86780.0,3
86790.0,3
86800.0,3
86810.0,3
86820.0,3
86830.0,3
86840.0,4
86850.0,3
86860.0,3
86870.0,3
86880.0,3
86890.0,3
86900.0,3
86910.0,3
86920.0,3
86930.0,4
86940.0,3
86950.0,3
86960.0,3
86970.0,3
86980.0,2
86990.0,3
87000.0,3
87010.0,3
87020.0,3
87030.0,4
87040.0,3
87050.0,3
87060.0,4
87070.0,3
87080.0,3
87090.0,3
87100.0,3
87110.0,3
87120.0,3
87130.0,3
87140.0,3
87150.0,3
87160.0,3
87170.0,3
87180.0,4
87190.0,3
87200.0,3
87210.0,3
87220.0,3
87230.0,3
87240.0,3
87250.0,3
87260.0,3
87270.0,3
87280.0,3
87290.0,4
87300.0,3
87310.0,3
87320.0,3
87330.0,3
87340.0,3
87350.0,3
87360.0,3
87370.0,3
87380.0,3
87390.0,3
87400.0,3
87410.0,3
87420.0,3
87430.0,3
87440.0,3
87450.0,3
87460.0,3
87470.0,3
87480.0,3
87490.0,3
87500.0,3
87510.0,3
87520.0,4
87530.0,3
87540.0,3
87550.0,3
87560.0,3
87570.0,3
87580.0,3
87590.0,3
87600.0,3
87610.0,3
87620.0,3
87630.0,3
87640.0,3
87650.0,3
87660.0,3
87670.0,3
87680.0,3
87690.0,3
87700.0,3
87710.0,3
87720.0,3
87730.0,3
87740.0,3
87750.0,3
87760.0,3
87770.0,4
87780.0,3
87790.0,3
87800.0,4
87810.0,3
87820.0,3
87830.0,3
87840.0,3
87850.0,3
87860.0,3
87870.0,4
87880.0,4
87890.0,3
87900.0,3
87910.0,2
87920.0,3
87930.0,3
87940.0,3
87950.0,3
87960.0,3
87970.0,3
87980.0,3
87990.0,3
88000.0,3
88010.0,3
88020.0,3
88030.0,3
88040.0,3
88050.0,3
88060.0,3
88070.0,3
88080.0,3
88090.0,3
88100.0,3
88110.0,3
88120.0,3
88130.0,4
88140.0,3
88150.0,3
88160.0,2
88170.0,3
88180.0,3
88190.0,3
88200.0,3
88210.0,3
88220.0,3
88230.0,3
88240.0,3
88250.0,3
88260.0,3
88270.0,3
88280.0,2
88290.0,3
88300.0,3
88310.0,2
88320.0,3
88330.0,3
88340.0,3
88350.0,3
88360.0,4
88370.0,3
88380.0,3
88390.0,4
88400.0,3
88410.0,3
88420.0,3
88430.0,3
88440.0,3
88450.0,3
88460.0,3
88470.0,2
88480.0,3
88490.0,3
88500.0,3
88510.0,3
88520.0,3
88530.0,3
88540.0,3
88550.0,3
88560.0,3
88570.0,3
88580.0,3
88590.0,3
88600.0,3
88610.0,2
88620.0,3
88630.0,3
88640.0,3
88650.0,3
88660.0,3
88670.0,3
88680.0,3
88690.0,3
88700.0,3
88710.0,3
88720.0,2
88730.0,3
88740.0,3
88750.0,3
88760.0,3
88770.0,3
88780.0,4
88790.0,3
88800.0,3
88810.0,3
88820.0,3
88830.0,3
88840.0,3
88850.0,3
88860.0,3
88870.0,3
88880.0,3
88890.0,3
88900.0,3
88910.0,3
88920.0,3
88930.0,3
88940.0,3
88950.0,3
88960.0,3
88970.0,3
88980.0,3
88990.0,3
89000.0,3
89010.0,3
89020.0,2
89030.0,3
89040.0,3
89050.0,3
89060.0,3
89070.0,3
89080.0,3
89090.0,3
89100.0,3
89110.0,3
89120.0,2
89130.0,3
89140.0,3
89150.0,3
89160.0,3
89170.0,3
89180.0,3
89190.0,3
89200.0,3
89210.0,3
89220.0,3
89230.0,3
89240.0,3
89250.0,3
89260.0,3
89270.0,3
89280.0,3
89290.0,3
89300.0,3
89310.0,3
89320.0,2
89330.0,3
89340.0,3
89350.0,3
89360.0,3
89370.0,3
89380.0,3
89390.0,3
89400.0,3
89410.0,3
89420.0,3
89430.0,3
89440.0,3
89450.0,3
89460.0,3
89470.0,2
89480.0,3
89490.0,3
89500.0,3
89510.0,3
89520.0,3
89530.0,3
89540.0,3
89550.0,3
89560.0,3
89570.0,3
89580.0,3
89590.0,3
89600.0,3
89610.0,3
89620.0,3
89630.0,3
89640.0,3
89650.0,3
89660.0,3
89670.0,3
89680.0,3
89690.0,3
89700.0,3
89710.0,3
89720.0,3
89730.0,3
89740.0,3
89750.0,3
89760.0,3
89770.0,3
89780.0,3
89790.0,3
89800.0,3
89810.0,3
89820.0,3
89830.0,3
89840.0,3
89850.0,3
89860.0,3
89870.0,3
89880.0,3
89890.0,3
89900.0,3
89910.0,3
89920.0,3
89930.0,3
89940.0,3
89950.0,3
89960.0,3
89970.0,3
89980.0,3
89990.0,3
90000.0,3
90010.0,3
90020.0,3
90030.0,3
90040.0,3
90050.0,3
90060.0,3
90070.0,3
90080.0,3
90090.0,3
90100.0,3
90110.0,3
90120.0,3
90130.0,3
90140.0,3
90150.0,3
90160.0,3
90170.0,3
90180.0,3
90190.0,3
90200.0,4
90210.0,3
90220.0,3
90230.0,3
90240.0,3
90250.0,3
90260.0,3
90270.0,3
90280.0,3
90290.0,3
90300.0,3
90310.0,3
90320.0,3
90330.0,3
90340.0,3
90350.0,3
90360.0,3
90370.0,3
90380.0,3
90390.0,3
90400.0,3
90410.0,3
90420.0,3
90430.0,3
90440.0,3
90450.0,3
90460.0,3
90470.0,3
90480.0,3
90490.0,3
90500.0,3
90510.0,3
90520.0,3
90530.0,3
90540.0,3
90550.0,4
90560.0,3
90570.0,3
90580.0,3
90590.0,3
90600.0,3
90610.0,3
90620.0,3
90630.0,3
90640.0,3
90650.0,3
90660.0,3
90670.0,3
90680.0,3
90690.0,3
90700.0,3
90710.0,3
90720.0,3
90730.0,3
90740.0,3
90750.0,3
90760.0,3
90770.0,3
90780.0,2
90790.0,3
90800.0,3
90810.0,3
90820.0,3
90830.0,3
90840.0,3
90850.0,3
90860.0,3
90870.0,3
90880.0,3
90890.0,3
90900.0,3
90910.0,3
90920.0,3
90930.0,3
90940.0,3
90950.0,3
90960.0,3
90970.0,3
90980.0,3
90990.0,3
91000.0,3
91010.0,3
91020.0,3
91030.0,3
91040.0,3
91050.0,3
91060.0,3
91070.0,3
91080.0,3
91090.0,3
91100.0,3
91110.0,3
91120.0,3
91130.0,3
91140.0,3
91150.0,3
91160.0,3
91170.0,3
91180.0,3
91190.0,3
91200.0,3
91210.0,3
91220.0,3
91230.0,3
91240.0,3
91250.0,3
91260.0,3
91270.0,3
91280.0,3
91290.0,4
91300.0,3
91310.0,4
91320.0,3
91330.0,3
91340.0,3
91350.0,3
91360.0,4
91370.0,3
91380.0,3
91390.0,3
91400.0,3
91410.0,3
91420.0,3
91430.0,3
91440.0,3
91450.0,3
91460.0,3
91470.0,3
91480.0,3
91490.0,3
91500.0,3
91510.0,3
91520.0,3
91530.0,3
91540.0,3
91550.0,3
91560.0,3
91570.0,3
91580.0,3
91590.0,3
91600.0,3
91610.0,4
91620.0,3
91630.0,4
91640.0,3
91650.0,3
91660.0,3
91670.0,3
91680.0,3
91690.0,3
91700.0,3
91710.0,3
91720.0,3
91730.0,3
91740.0,4
91750.0,3
91760.0,3
91770.0,3
91780.0,3
91790.0,3
91800.0,3
91810.0,3
91820.0,3
91830.0,3
91840.0,3
91850.0,3
91860.0,3
91870.0,3
91880.0,3
91890.0,3
91900.0,2
91910.0,3
91920.0,3
91930.0,3
91940.0,3
91950.0,3
91960.0,3
91970.0,3
91980.0,3
91990.0,3
92000.0,3
92010.0,3
92020.0,3
92030.0,3
92040.0,3
92050.0,3
92060.0,4
92070.0,3
92080.0,3
92090.0,3
92100.0,3
92110.0,4
92120.0,4
92130.0,3
92140.0,4
92150.0,3
92160.0,3
92170.0,4
92180.0,3
92190.0,3
92200.0,3
92210.0,3
92220.0,3
92230.0,3
92240.0,3
92250.0,3
92260.0,4
92270.0,3
92280.0,3
92290.0,3
92300.0,3
92310.0,3
92320.0,3
92330.0,3
92340.0,3
92350.0,3
92360.0,3
92370.0,3
92380.0,3
92390.0,3
92400.0,3
92410.0,3
92420.0,3
92430.0,4
92440.0,3
92450.0,3
92460.0,3
92470.0,3
92480.0,3
92490.0,3
92500.0,3
92510.0,3
92520.0,3
92530.0,3
92540.0,3
92550.0,3
92560.0,3
92570.0,3
92580.0,3
92590.0,3
92600.0,3
92610.0,3
92620.0,3
92630.0,3
92640.0,3
92650.0,3
92660.0,3
92670.0,3
92680.0,3
92690.0,3
92700.0,3
92710.0,3
92720.0,3
92730.0,3
92740.0,3
92750.0,3
92760.0,3
92770.0,3
92780.0,3
92790.0,3
92800.0,3
92810.0,3
92820.0,3
92830.0,3
92840.0,3
92850.0,3
92860.0,3
92870.0,3
92880.0,3
92890.0,3
92900.0,3
92910.0,3
92920.0,3
92930.0,3
92940.0,3
92950.0,3
92960.0,3
92970.0,3
92980.0,3
92990.0,3
93000.0,3
93010.0,3
93020.0,3
93030.0,3
93040.0,3
93050.0,3
93060.0,3
93070.0,3
93080.0,3
93090.0,3
93100.0,3
93110.0,3
93120.0,3
93130.0,3
93140.0,3
93150.0,3
93160.0,3
93170.0,3
93180.0,3
93190.0,3
93200.0,3
93210.0,3
93220.0,3
93230.0,3
93240.0,3
93250.0,2
93260.0,3
93270.0,3
93280.0,3
93290.0,3
93300.0,3
93310.0,3
93320.0,3
93330.0,3
93340.0,3
93350.0,3
93360.0,3
93370.0,3
93380.0,4
93390.0,3
93400.0,3
93410.0,4
93420.0,3
93430.0,3
93440.0,3
93450.0,3
93460.0,3
93470.0,3
93480.0,3
93490.0,3
93500.0,3
93510.0,3
93520.0,3
93530.0,3
93540.0,3
93550.0,3
93560.0,3
93570.0,3
93580.0,3
93590.0,3
93600.0,3
93610.0,3
93620.0,3
93630.0,3
93640.0,3
93650.0,3
93660.0,3
93670.0,3
93680.0,3
93690.0,4
93700.0,3
93710.0,3
93720.0,3
93730.0,4
93740.0,3
93750.0,3
93760.0,3
93770.0,3
93780.0,3
93790.0,3
93800.0,3
93810.0,3
93820.0,3
93830.0,3
93840.0,3
93850.0,3
93860.0,3
93870.0,4
93880.0,3
93890.0,3
93900.0,3
93910.0,3
93920.0,3
93930.0,3
93940.0,3
93950.0,3
93960.0,3
93970.0,3
93980.0,4
93990.0,3
94000.0,3
94010.0,3
94020.0,3
94030.0,3
94040.0,3
94050.0,3
94060.0,3
94070.0,3
94080.0,3
94090.0,3
94100.0,3
94110.0,3
94120.0,3
94130.0,3
94140.0,3
94150.0,3
94160.0,3
94170.0,2
94180.0,3
94190.0,3
94200.0,3
94210.0,3
94220.0,3
94230.0,3
94240.0,3
94250.0,3
94260.0,3
94270.0,3
94280.0,3
94290.0,3
94300.0,3
94310.0,3
94320.0,3
94330.0,3
94340.0,3
94350.0,3
94360.0,3
94370.0,3
94380.0,4
94390.0,3
94400.0,3
94410.0,3
94420.0,3
94430.0,3
94440.0,3
94450.0,3
94460.0,3
94470.0,3
94480.0,3
94490.0,3
94500.0,3
94510.0,3
94520.0,3
94530.0,3
94540.0,3
94550.0,3
94560.0,3
94570.0,3
94580.0,3
94590.0,3
94600.0,3
94610.0,3
94620.0,3
94630.0,3
94640.0,3
94650.0,3
94660.0,3
94670.0,3
94680.0,3
94690.0,2
94700.0,3
94710.0,3
94720.0,3
94730.0,3
94740.0,3
94750.0,3
94760.0,3
94770.0,3
94780.0,4
94790.0,3
94800.0,3
94810.0,2
94820.0,3
94830.0,3
94840.0,3
94850.0,3
94860.0,3
94870.0,3
94880.0,3
94890.0,3
94900.0,3
94910.0,3
94920.0,3
94930.0,3
94940.0,3
94950.0,3
94960.0,3
94970.0,3
94980.0,3
94990.0,4
95000.0,3
95010.0,3
95020.0,3
95030.0,3
95040.0,3
95050.0,3
95060.0,3
95070.0,3
95080.0,3
95090.0,3
95100.0,3
95110.0,3
95120.0,3
95130.0,3
95140.0,3
95150.0,2
95160.0,3
95170.0,3
95180.0,3
95190.0,3
95200.0,3
95210.0,3
95220.0,3
95230.0,3
95240.0,3
95250.0,3
95260.0,3
95270.0,3
95280.0,3
95290.0,2
95300.0,3
95310.0,3
95320.0,3
95330.0,3
95340.0,3
95350.0,3
95360.0,3
95370.0,3
95380.0,3
95390.0,3
95400.0,3
95410.0,3
95420.0,3
95430.0,3
95440.0,3
95450.0,3
95460.0,3
95470.0,3
95480.0,3
95490.0,3
95500.0,3
95510.0,3
95520.0,3
95530.0,3
95540.0,3
95550.0,3
95560.0,3
95570.0,3
95580.0,3
95590.0,3
95600.0,4
95610.0,3
95620.0,4
95630.0,3
95640.0,3
95650.0,3
95660.0,3
95670.0,3
95680.0,3
95690.0,3
95700.0,3
95710.0,3
95720.0,3
95730.0,3
95740.0,3
95750.0,3
95760.0,4
95770.0,3
95780.0,3
95790.0,3
95800.0,3
95810.0,3
95820.0,3
95830.0,4
95840.0,3
95850.0,3
95860.0,3
95870.0,3
95880.0,3
95890.0,3
95900.0,3
95910.0,3
95920.0,3
95930.0,3
95940.0,3
95950.0,3
95960.0,3
95970.0,3
95980.0,3
95990.0,3
96000.0,3
96010.0,3
96020.0,3
96030.0,3
96040.0,3
96050.0,3
96060.0,3
96070.0,3
96080.0,3
96090.0,3
96100.0,3
96110.0,3
96120.0,3
96130.0,3
96140.0,3
96150.0,3
96160.0,3
96170.0,3
96180.0,3
96190.0,3
96200.0,3
96210.0,3
96220.0,3
96230.0,3
96240.0,3
96250.0,3
96260.0,3
96270.0,3
96280.0,3
96290.0,3
96300.0,3
96310.0,3
96320.0,3
96330.0,3
96340.0,3
96350.0,3
96360.0,3
96370.0,3
96380.0,3
96390.0,3
96400.0,3
96410.0,3
96420.0,3
96430.0,3
96440.0,3
96450.0,3
96460.0,3
96470.0,3
96480.0,3
96490.0,3
96500.0,3
96510.0,3
96520.0,3
96530.0,3
96540.0,3
96550.0,3
96560.0,3
96570.0,3
96580.0,3
96590.0,3
96600.0,3
96610.0,3
96620.0,3
96630.0,3
96640.0,3
96650.0,3
96660.0,3
96670.0,3
96680.0,3
96690.0,3
96700.0,3
96710.0,3
96720.0,3
96730.0,3
96740.0,3
96750.0,3
96760.0,3
96770.0,3
96780.0,3
96790.0,3
96800.0,3
96810.0,3
96820.0,3
96830.0,3
96840.0,3
96850.0,3
96860.0,3
96870.0,3
96880.0,3
96890.0,3
96900.0,3
96910.0,3
96920.0,3
96930.0,3
96940.0,3
96950.0,3
96960.0,3
96970.0,3
96980.0,3
96990.0,3
97000.0,3
97010.0,3
97020.0,3
97030.0,3
97040.0,3
97050.0,3
97060.0,3
97070.0,3
97080.0,3
97090.0,3
97100.0,3
97110.0,3
97120.0,4
97130.0,3
97140.0,3
97150.0,3
97160.0,3
97170.0,3
97180.0,3
97190.0,4
97200.0,3
97210.0,3
97220.0,3
97230.0,3
97240.0,3
97250.0,3
97260.0,3
97270.0,3
97280.0,3
97290.0,3
97300.0,3
97310.0,3
97320.0,3
97330.0,4
97340.0,3
97350.0,3
97360.0,2
97370.0,3
97380.0,3
97390.0,3
97400.0,3
97410.0,3
97420.0,3
97430.0,3
97440.0,3
97450.0,3
97460.0,3
97470.0,3
97480.0,3
97490.0,3
97500.0,3
97510.0,3
97520.0,3
97530.0,3
97540.0,3
97550.0,3
97560.0,3
97570.0,3
97580.0,3
97590.0,3
97600.0,3
97610.0,3
97620.0,3
97630.0,3
97640.0,3
97650.0,3
97660.0,3
97670.0,3
97680.0,3
97690.0,3
97700.0,4
97710.0,3
97720.0,3
97730.0,3
97740.0,3
97750.0,3
97760.0,3
97770.0,3
97780.0,3
97790.0,3
97800.0,3
97810.0,3
97820.0,3
97830.0,3
97840.0,3
97850.0,3
97860.0,3
97870.0,3
97880.0,3
97890.0,3
97900.0,3
97910.0,3
97920.0,3
97930.0,3
97940.0,3
97950.0,3
97960.0,3
97970.0,3
97980.0,3
97990.0,3
98000.0,3
98010.0,3
98020.0,3
98030.0,3
98040.0,3
98050.0,3
98060.0,3
98070.0,2
98080.0,3
98090.0,3
98100.0,4
98110.0,3
98120.0,3
98130.0,3
98140.0,3
98150.0,3
98160.0,3
98170.0,3
98180.0,3
98190.0,3
98200.0,3
98210.0,3
98220.0,3
98230.0,3
98240.0,3
98250.0,3
98260.0,3
98270.0,3
98280.0,3
98290.0,3
98300.0,4
98310.0,3
98320.0,3
98330.0,3
98340.0,2
98350.0,3
98360.0,3
98370.0,3
98380.0,3
98390.0,3
98400.0,3
98410.0,3
98420.0,3
98430.0,3
98440.0,3
98450.0,3
98460.0,3
98470.0,3
98480.0,3
98490.0,3
98500.0,3
98510.0,3
98520.0,3
98530.0,3
98540.0,3
98550.0,3
98560.0,3
98570.0,3
98580.0,3
98590.0,3
98600.0,3
98610.0,3
98620.0,3
98630.0,3
98640.0,3
98650.0,3
98660.0,3
98670.0,3
98680.0,3
98690.0,3
98700.0,3
98710.0,3
98720.0,3
98730.0,3
98740.0,3
98750.0,3
98760.0,3
98770.0,3
98780.0,3
98790.0,3
98800.0,3
98810.0,3
98820.0,3
98830.0,3
98840.0,3
98850.0,3
98860.0,3
98870.0,3
98880.0,3
98890.0,3
98900.0,3
98910.0,3
98920.0,3
98930.0,3
98940.0,3
98950.0,3
98960.0,3
98970.0,3
98980.0,3
98990.0,3
99000.0,3
99010.0,3
99020.0,3
99030.0,3
99040.0,3
99050.0,3
99060.0,3
99070.0,3
99080.0,3
99090.0,3
99100.0,3
99110.0,3
99120.0,2
99130.0,3
99140.0,3
99150.0,3
99160.0,3
99170.0,3
99180.0,2
99190.0,3
99200.0,3
99210.0,3
99220.0,3
99230.0,3
99240.0,3
99250.0,3
99260.0,3
99270.0,3
99280.0,3
99290.0,3
99300.0,3
99310.0,3
99320.0,3
99330.0,3
99340.0,3
99350.0,3
99360.0,3
99370.0,3
99380.0,3
99390.0,3
99400.0,3
99410.0,3
99420.0,3
99430.0,3
99440.0,3
99450.0,3
99460.0,3
99470.0,3
99480.0,3
99490.0,3
99500.0,3
99510.0,3
99520.0,3
99530.0,3
99540.0,3
99550.0,3
99560.0,3
99570.0,3
99580.0,3
99590.0,3
99600.0,3
99610.0,3
99620.0,3
99630.0,3
99640.0,3
99650.0,3
99660.0,3
99670.0,3
99680.0,3
99690.0,3
99700.0,3
99710.0,3
99720.0,3
99730.0,3
99740.0,3
99750.0,3
99760.0,3
99770.0,3
99780.0,3
99790.0,3
99800.0,3
99810.0,3
99820.0,3
99830.0,3
99840.0,3
99850.0,3
99860.0,4
99870.0,3
99880.0,3
99890.0,3
99900.0,3
99910.0,3
99920.0,3
99930.0,3
99940.0,3
99950.0,3
99960.0,3
99970.0,3
99980.0,3
99990.0,3
100000.0,3
